<wddxPacket version='1.0'><header/><data><recordset rowCount='9' fieldNames='tagID,contentID,contentHistID,siteID,tag' type='coldfusion.sql.QueryTable'><field name='tagID'><number>91.0</number><number>92.0</number><number>93.0</number><number>94.0</number><number>95.0</number><number>96.0</number><number>97.0</number><number>98.0</number><number>99.0</number></field><field name='contentID'><string>11490E39-6507-4DFB-A11B4F8AC8031B7F</string><string>69D5B6F9-798C-4EBE-BCADE8A642B07FFD</string><string>0346AC3A-0E6E-4A7F-BF4DA84286E0F51C</string><string>4AAEC05B-AF94-4D3B-A39D4E002A4A0869</string><string>9D439F0B-A245-449A-9BBD6DBB29162B24</string><string>9D439F0B-A245-449A-9BBD6DBB29162B24</string><string>2C8C7631-908C-4228-99DFB185981350A1</string><string>2C8C7631-908C-4228-99DFB185981350A1</string><string>2C8C7631-908C-4228-99DFB185981350A1</string></field><field name='contentHistID'><string>1D9AEC8F-A619-4F3D-9EA20CFED0C77CD4</string><string>FB760220-48A1-41FB-BC9CAF8567465057</string><string>C977D29A-FBE2-4C6D-B8C395A597928E90</string><string>08BF6FD1-59DD-4B2C-9C6721BDDBB62FA0</string><string>0B8ABAC1-4CDA-4CE9-A96365887343BE9A</string><string>0B8ABAC1-4CDA-4CE9-A96365887343BE9A</string><string>D5A45953-DB8E-4E98-AE332EA84EAE02A9</string><string>D5A45953-DB8E-4E98-AE332EA84EAE02A9</string><string>D5A45953-DB8E-4E98-AE332EA84EAE02A9</string></field><field name='siteID'><string>default</string><string>default</string><string>default</string><string>default</string><string>default</string><string>default</string><string>default</string><string>default</string><string>default</string></field><field name='tag'><string>inspiration</string><string>art</string><string>research</string><string>art</string><string>inspiration</string><string>art</string><string>inspiration</string><string>art</string><string>research</string></field></recordset></data></wddxPacket>
