<wddxPacket version='1.0'><header/><data><recordset rowCount='0' fieldNames='changesetID,siteID,name,description,created,publishDate,published,lastUpdate,lastUpdateBy,lastUpdateByID,remoteID,remotePubDate,remoteSourceURL' type='coldfusion.sql.QueryTable'><field name='changesetID'></field><field name='siteID'></field><field name='name'></field><field name='description'></field><field name='created'></field><field name='publishDate'></field><field name='published'></field><field name='lastUpdate'></field><field name='lastUpdateBy'></field><field name='lastUpdateByID'></field><field name='remoteID'></field><field name='remotePubDate'></field><field name='remoteSourceURL'></field></recordset></data></wddxPacket>
