<wddxPacket version='1.0'><header/><data><recordset rowCount='2' fieldNames='subTypeID,siteID,baseTable,baseKeyField,dataTable,type,subType,isActive,notes,lastUpdate,dateCreated,lastUpdateBy,hasSummary,hasBody,description' type='coldfusion.sql.QueryTable'><field name='subTypeID'><string>6ADC9F85-2DFD-4ED2-9A1753018331FB98</string><string>F4C1A857-07E8-461F-B300268ED67A64A1</string></field><field name='siteID'><string>default</string><string>default</string></field><field name='baseTable'><string>tsettings</string><string>tcontent</string></field><field name='baseKeyField'><string>baseID</string><string>contentHistID</string></field><field name='dataTable'><string>tclassextenddata</string><string>tclassextenddata</string></field><field name='type'><string>Site</string><string>Gallery</string></field><field name='subType'><string>Default</string><string>Default</string></field><field name='isActive'><number>1.0</number><number>1.0</number></field><field name='notes'><string></string><string></string></field><field name='lastUpdate'><string></string><string></string></field><field name='dateCreated'><string></string><string></string></field><field name='lastUpdateBy'><string></string><string></string></field><field name='hasSummary'><number>1.0</number><number>1.0</number></field><field name='hasBody'><number>1.0</number><number>1.0</number></field><field name='description'><string></string><string></string></field></recordset></data></wddxPacket>
