<wddxPacket version='1.0'><header/><data><recordset rowCount='2' fieldNames='pluginID,moduleID,name,created,provider,providerURL,category,version,deployed,package,directory,loadPriority' type='coldfusion.sql.QueryTable'><field name='pluginID'><number>18.0</number><number>21.0</number></field><field name='moduleID'><string>6906513D-008C-459B-BC9647536D69B713</string><string>A5C4187E-43B6-474F-B5426F66CFC8EC84</string></field><field name='name'><string>Mura FlexSlider</string><string>Mura Bootstrap Carousel</string></field><field name='created'><dateTime>2012-9-30T20:55:20+0:0</dateTime><dateTime>2012-9-30T21:33:31+0:0</dateTime></field><field name='provider'><string>David Panzarella (SB InnerWeb Development)</string><string>Blue River</string></field><field name='providerURL'><string>http://www.sbinnerweb.com</string><string>http://blueriver.com</string></field><field name='category'><string>Application</string><string>Application</string></field><field name='version'><string>0</string><string>0</string></field><field name='deployed'><number>1.0</number><number>1.0</number></field><field name='package'><string>MuraFlexSlider</string><string>MuraBootstrapCarousel</string></field><field name='directory'><string>MuraFlexSlider</string><string>MuraBootstrapCarousel</string></field><field name='loadPriority'><number>5.0</number><number>5.0</number></field></recordset></data></wddxPacket>
