<wddxPacket version='1.0'><header/><data><recordset rowCount='2' fieldNames='objectID,moduleID,name,location,displayObjectFile,displaymethod,docache,configuratorInit,configuratorJS' type='coldfusion.sql.QueryTable'><field name='objectID'><string>9F2AF082-53A8-4F93-8D372D49F124DCED</string><string>EBD843B0-D8CA-4CF7-965913D5E22DCFDB</string></field><field name='moduleID'><string>A5C4187E-43B6-474F-B5426F66CFC8EC84</string><string>6906513D-008C-459B-BC9647536D69B713</string></field><field name='name'><string>Boostrap Carousel</string><string>Flex Slider</string></field><field name='location'><string>global</string><string>global</string></field><field name='displayObjectFile'><string>displayObjects.displayObjects</string><string>displayObjects.displayObjects</string></field><field name='displaymethod'><string>dspCarousel</string><string>dspFlexSlider</string></field><field name='docache'><string>false</string><string>false</string></field><field name='configuratorInit'><string>initBootstrapCarouselConfigurator</string><string>initFlexSliderConfigurator</string></field><field name='configuratorJS'><string>displayObjects/configurators/carousel/configurator.js</string><string>displayObjects/configurators/slider/configurator.js</string></field></recordset></data></wddxPacket>
