<wddxPacket version='1.0'><header/><data><recordset rowCount='103' fieldNames='baseID,attributeID,attributeValue,siteID,stringvalue,numericvalue,datetimevalue,remoteID' type='coldfusion.sql.QueryTable'><field name='baseID'><string>E0C57E81-947E-463C-AC8D4A03107DDBCF</string><string>E0C57E81-947E-463C-AC8D4A03107DDBCF</string><string>E0C57E81-947E-463C-AC8D4A03107DDBCF</string><string>E0C57E81-947E-463C-AC8D4A03107DDBCF</string><string>E0C57E81-947E-463C-AC8D4A03107DDBCF</string><string>E0C57E81-947E-463C-AC8D4A03107DDBCF</string><string>E0C57E81-947E-463C-AC8D4A03107DDBCF</string><string>E0C57E81-947E-463C-AC8D4A03107DDBCF</string><string>E0C57E81-947E-463C-AC8D4A03107DDBCF</string><string>E0C57E81-947E-463C-AC8D4A03107DDBCF</string><string>E0C57E81-947E-463C-AC8D4A03107DDBCF</string><string>E0C57E81-947E-463C-AC8D4A03107DDBCF</string><string>E0C57E81-947E-463C-AC8D4A03107DDBCF</string><string>E0C57E81-947E-463C-AC8D4A03107DDBCF</string><string>E0C57E81-947E-463C-AC8D4A03107DDBCF</string><string>E0C57E81-947E-463C-AC8D4A03107DDBCF</string><string>E0C57E81-947E-463C-AC8D4A03107DDBCF</string><string>E0C57E81-947E-463C-AC8D4A03107DDBCF</string><string>E0C57E81-947E-463C-AC8D4A03107DDBCF</string><string>E0C57E81-947E-463C-AC8D4A03107DDBCF</string><string>E0C57E81-947E-463C-AC8D4A03107DDBCF</string><string>E0C57E81-947E-463C-AC8D4A03107DDBCF</string><string>E0C57E81-947E-463C-AC8D4A03107DDBCF</string><string>E0C57E81-947E-463C-AC8D4A03107DDBCF</string><string>E0C57E81-947E-463C-AC8D4A03107DDBCF</string><string>E0C57E81-947E-463C-AC8D4A03107DDBCF</string><string>E0C57E81-947E-463C-AC8D4A03107DDBCF</string><string>E0C57E81-947E-463C-AC8D4A03107DDBCF</string><string>E0C57E81-947E-463C-AC8D4A03107DDBCF</string><string>E0C57E81-947E-463C-AC8D4A03107DDBCF</string><string>E0C57E81-947E-463C-AC8D4A03107DDBCF</string><string>E0C57E81-947E-463C-AC8D4A03107DDBCF</string><string>E0C57E81-947E-463C-AC8D4A03107DDBCF</string><string>E0C57E81-947E-463C-AC8D4A03107DDBCF</string><string>E0C57E81-947E-463C-AC8D4A03107DDBCF</string><string>E0C57E81-947E-463C-AC8D4A03107DDBCF</string><string>E0C57E81-947E-463C-AC8D4A03107DDBCF</string><string>E0C57E81-947E-463C-AC8D4A03107DDBCF</string><string>E0C57E81-947E-463C-AC8D4A03107DDBCF</string><string>E0C57E81-947E-463C-AC8D4A03107DDBCF</string><string>E0C57E81-947E-463C-AC8D4A03107DDBCF</string><string>E0C57E81-947E-463C-AC8D4A03107DDBCF</string><string>E0C57E81-947E-463C-AC8D4A03107DDBCF</string><string>E0C57E81-947E-463C-AC8D4A03107DDBCF</string><string>E0C57E81-947E-463C-AC8D4A03107DDBCF</string><string>E0C57E81-947E-463C-AC8D4A03107DDBCF</string><string>E0C57E81-947E-463C-AC8D4A03107DDBCF</string><string>E0C57E81-947E-463C-AC8D4A03107DDBCF</string><string>E0C57E81-947E-463C-AC8D4A03107DDBCF</string><string>E0C57E81-947E-463C-AC8D4A03107DDBCF</string><string>E0C57E81-947E-463C-AC8D4A03107DDBCF</string><string>E0C57E81-947E-463C-AC8D4A03107DDBCF</string><string>E0C57E81-947E-463C-AC8D4A03107DDBCF</string><string>E0C57E81-947E-463C-AC8D4A03107DDBCF</string><string>E0C57E81-947E-463C-AC8D4A03107DDBCF</string><string>E0C57E81-947E-463C-AC8D4A03107DDBCF</string><string>E0C57E81-947E-463C-AC8D4A03107DDBCF</string><string>E0C57E81-947E-463C-AC8D4A03107DDBCF</string><string>E0C57E81-947E-463C-AC8D4A03107DDBCF</string><string>E0C57E81-947E-463C-AC8D4A03107DDBCF</string><string>E0C57E81-947E-463C-AC8D4A03107DDBCF</string><string>E0C57E81-947E-463C-AC8D4A03107DDBCF</string><string>E0C57E81-947E-463C-AC8D4A03107DDBCF</string><string>E0C57E81-947E-463C-AC8D4A03107DDBCF</string><string>E0C57E81-947E-463C-AC8D4A03107DDBCF</string><string>E0C57E81-947E-463C-AC8D4A03107DDBCF</string><string>E0C57E81-947E-463C-AC8D4A03107DDBCF</string><string>E0C57E81-947E-463C-AC8D4A03107DDBCF</string><string>E0C57E81-947E-463C-AC8D4A03107DDBCF</string><string>E0C57E81-947E-463C-AC8D4A03107DDBCF</string><string>E0C57E81-947E-463C-AC8D4A03107DDBCF</string><string>E0C57E81-947E-463C-AC8D4A03107DDBCF</string><string>E0C57E81-947E-463C-AC8D4A03107DDBCF</string><string>E0C57E81-947E-463C-AC8D4A03107DDBCF</string><string>E0C57E81-947E-463C-AC8D4A03107DDBCF</string><string>E0C57E81-947E-463C-AC8D4A03107DDBCF</string><string>E0C57E81-947E-463C-AC8D4A03107DDBCF</string><string>E0C57E81-947E-463C-AC8D4A03107DDBCF</string><string>E0C57E81-947E-463C-AC8D4A03107DDBCF</string><string>E0C57E81-947E-463C-AC8D4A03107DDBCF</string><string>E0C57E81-947E-463C-AC8D4A03107DDBCF</string><string>E0C57E81-947E-463C-AC8D4A03107DDBCF</string><string>E0C57E81-947E-463C-AC8D4A03107DDBCF</string><string>E0C57E81-947E-463C-AC8D4A03107DDBCF</string><string>E0C57E81-947E-463C-AC8D4A03107DDBCF</string><string>E0C57E81-947E-463C-AC8D4A03107DDBCF</string><string>E0C57E81-947E-463C-AC8D4A03107DDBCF</string><string>E0C57E81-947E-463C-AC8D4A03107DDBCF</string><string>E0C57E81-947E-463C-AC8D4A03107DDBCF</string><string>E0C57E81-947E-463C-AC8D4A03107DDBCF</string><string>E0C57E81-947E-463C-AC8D4A03107DDBCF</string><string>E0C57E81-947E-463C-AC8D4A03107DDBCF</string><string>E0C57E81-947E-463C-AC8D4A03107DDBCF</string><string>E0C57E81-947E-463C-AC8D4A03107DDBCF</string><string>E0C57E81-947E-463C-AC8D4A03107DDBCF</string><string>E0C57E81-947E-463C-AC8D4A03107DDBCF</string><string>E0C57E81-947E-463C-AC8D4A03107DDBCF</string><string>E0C57E81-947E-463C-AC8D4A03107DDBCF</string><string>E0C57E81-947E-463C-AC8D4A03107DDBCF</string><string>E0C57E81-947E-463C-AC8D4A03107DDBCF</string><string>E0C57E81-947E-463C-AC8D4A03107DDBCF</string><string>E0C57E81-947E-463C-AC8D4A03107DDBCF</string><string>E0C57E81-947E-463C-AC8D4A03107DDBCF</string></field><field name='attributeID'><number>393.0</number><number>394.0</number><number>395.0</number><number>429.0</number><number>430.0</number><number>431.0</number><number>432.0</number><number>433.0</number><number>434.0</number><number>435.0</number><number>436.0</number><number>437.0</number><number>438.0</number><number>439.0</number><number>440.0</number><number>441.0</number><number>442.0</number><number>443.0</number><number>459.0</number><number>460.0</number><number>396.0</number><number>397.0</number><number>398.0</number><number>399.0</number><number>400.0</number><number>401.0</number><number>402.0</number><number>392.0</number><number>403.0</number><number>404.0</number><number>405.0</number><number>406.0</number><number>407.0</number><number>408.0</number><number>409.0</number><number>410.0</number><number>411.0</number><number>412.0</number><number>475.0</number><number>476.0</number><number>477.0</number><number>413.0</number><number>414.0</number><number>461.0</number><number>462.0</number><number>463.0</number><number>464.0</number><number>465.0</number><number>466.0</number><number>467.0</number><number>468.0</number><number>469.0</number><number>470.0</number><number>471.0</number><number>472.0</number><number>473.0</number><number>474.0</number><number>490.0</number><number>491.0</number><number>492.0</number><number>493.0</number><number>494.0</number><number>478.0</number><number>479.0</number><number>480.0</number><number>481.0</number><number>482.0</number><number>483.0</number><number>484.0</number><number>485.0</number><number>486.0</number><number>487.0</number><number>488.0</number><number>489.0</number><number>444.0</number><number>445.0</number><number>446.0</number><number>447.0</number><number>448.0</number><number>449.0</number><number>450.0</number><number>451.0</number><number>452.0</number><number>453.0</number><number>454.0</number><number>455.0</number><number>425.0</number><number>426.0</number><number>427.0</number><number>428.0</number><number>415.0</number><number>416.0</number><number>417.0</number><number>418.0</number><number>419.0</number><number>420.0</number><number>421.0</number><number>422.0</number><number>423.0</number><number>424.0</number><number>456.0</number><number>457.0</number><number>458.0</number></field><field name='attributeValue'><string>span2</string><string>false</string><string>false</string><string>@white</string><string>darken(@white, 10%)</string><string>#ccc</string><string>@linkColor</string><string>spin(@btnPrimaryBackground, 15%)</string><string>#5bc0de</string><string>#2f96b4</string><string>#62c462</string><string>#51a351</string><string>lighten(@orange, 15%)</string><string>@orange</string><string>#ee5f5b</string><string>#bd362f</string><string>@gray</string><string>@grayDarker</string><string>@grayLight</string><string>@grayLighter</string><string>#000</string><string>#222</string><string>#333</string><string>#555</string><string>#999</string><string>#eee</string><string>#fff</string><string>None</string><string>#049cdb</string><string>#0064cd</string><string>#46a546</string><string>#9d261d</string><string>#ffc40d</string><string>#f89406</string><string>#c3325f</string><string>#7a43b6</string><string>@white</string><string>@grayDark</string><string>@grayLighter</string><string>inherit</string><string>inherit</string><string>#08c</string><string>darken(@linkColor, 15%)</string><string>40px</string><string>@grayDarker</string><string>@grayDark</string><string>@grayLight</string><string>@grayLight</string><string>@white</string><string>@navbarLinkColorHover</string><string>transparent</string><string>@navbarBackground</string><string>lighten(@navbarBackground, 25%)</string><string>@white</string><string>darken(@navbarSearchBackground, 30%)</string><string>#ccc</string><string>@navbarLinkColor</string><string>12</string><string>60px</string><string>20px</string><string>6.382978723%</string><string>2.127659574%</string><string>#c09853</string><string>#fcf8e3</string><string>darken(spin(@warningBackground, -10), 3%)</string><string>#b94a48</string><string>#f2dede</string><string>darken(spin(@errorBackground, -10), 3%)</string><string>#468847</string><string>#dff0d8</string><string>darken(spin(@warningBackground, -10), 3%)</string><string>#3a87ad</string><string>#d9edf7</string><string>darken(spin(@infoBackground, -10), 3%)</string><string>@white</string><string>#ccc</string><string>3px</string><string>@grayLighter</string><string>#f5f5f5</string><string>@white</string><string>rgba(0,0,0,.2)</string><string>@grayDark</string><string>@white</string><string>@linkColor</string><string>#e5e5e5</string><string>@white</string><string>transparent</string><string>#f9f9f9</string><string>#f5f5f5</string><string>#ddd</string><string>'Helvetica Neue', Helvetica, Arial, sans-serif</string><string>Georgia, 'Times New Roman', Times, serif</string><string>Menlo, Monaco, Consolas, 'Courier New', monospace</string><string>13px</string><string>@sansFontFamily</string><string>18px</string><string>@serifFontFamily</string><string>inherit</string><string>bold</string><string>inherit</string><string>../../bootstrap/img/glyphicons-halflings.png</string><string>../../bootstrap/img/glyphicons-halflings-white.png</string><string>true</string></field><field name='siteID'><string>default</string><string>default</string><string>default</string><string>default</string><string>default</string><string>default</string><string>default</string><string>default</string><string>default</string><string>default</string><string>default</string><string>default</string><string>default</string><string>default</string><string>default</string><string>default</string><string>default</string><string>default</string><string>default</string><string>default</string><string>default</string><string>default</string><string>default</string><string>default</string><string>default</string><string>default</string><string>default</string><string>default</string><string>default</string><string>default</string><string>default</string><string>default</string><string>default</string><string>default</string><string>default</string><string>default</string><string>default</string><string>default</string><string>default</string><string>default</string><string>default</string><string>default</string><string>default</string><string>default</string><string>default</string><string>default</string><string>default</string><string>default</string><string>default</string><string>default</string><string>default</string><string>default</string><string>default</string><string>default</string><string>default</string><string>default</string><string>default</string><string>default</string><string>default</string><string>default</string><string>default</string><string>default</string><string>default</string><string>default</string><string>default</string><string>default</string><string>default</string><string>default</string><string>default</string><string>default</string><string>default</string><string>default</string><string>default</string><string>default</string><string>default</string><string>default</string><string>default</string><string>default</string><string>default</string><string>default</string><string>default</string><string>default</string><string>default</string><string>default</string><string>default</string><string>default</string><string>default</string><string>default</string><string>default</string><string>default</string><string>default</string><string>default</string><string>default</string><string>default</string><string>default</string><string>default</string><string>default</string><string>default</string><string>default</string><string>default</string><string>default</string><string>default</string><string>default</string></field><field name='stringvalue'><string>span2</string><string>false</string><string>false</string><string>@white</string><string>darken(@white, 10%)</string><string>#ccc</string><string>@linkColor</string><string>spin(@btnPrimaryBackground, 15%)</string><string>#5bc0de</string><string>#2f96b4</string><string>#62c462</string><string>#51a351</string><string>lighten(@orange, 15%)</string><string>@orange</string><string>#ee5f5b</string><string>#bd362f</string><string>@gray</string><string>@grayDarker</string><string>@grayLight</string><string>@grayLighter</string><string>#000</string><string>#222</string><string>#333</string><string>#555</string><string>#999</string><string>#eee</string><string>#fff</string><string>None</string><string>#049cdb</string><string>#0064cd</string><string>#46a546</string><string>#9d261d</string><string>#ffc40d</string><string>#f89406</string><string>#c3325f</string><string>#7a43b6</string><string>@white</string><string>@grayDark</string><string>@grayLighter</string><string>inherit</string><string>inherit</string><string>#08c</string><string>darken(@linkColor, 15%)</string><string>40px</string><string>@grayDarker</string><string>@grayDark</string><string>@grayLight</string><string>@grayLight</string><string>@white</string><string>@navbarLinkColorHover</string><string>transparent</string><string>@navbarBackground</string><string>lighten(@navbarBackground, 25%)</string><string>@white</string><string>darken(@navbarSearchBackground, 30%)</string><string>#ccc</string><string>@navbarLinkColor</string><string>12</string><string>60px</string><string>20px</string><string>6.382978723%</string><string>2.127659574%</string><string>#c09853</string><string>#fcf8e3</string><string>darken(spin(@warningBackground, -10), 3%)</string><string>#b94a48</string><string>#f2dede</string><string>darken(spin(@errorBackground, -10), 3%)</string><string>#468847</string><string>#dff0d8</string><string>darken(spin(@warningBackground, -10), 3%)</string><string>#3a87ad</string><string>#d9edf7</string><string>darken(spin(@infoBackground, -10), 3%)</string><string>@white</string><string>#ccc</string><string>3px</string><string>@grayLighter</string><string>#f5f5f5</string><string>@white</string><string>rgba(0,0,0,.2)</string><string>@grayDark</string><string>@white</string><string>@linkColor</string><string>#e5e5e5</string><string>@white</string><string>transparent</string><string>#f9f9f9</string><string>#f5f5f5</string><string>#ddd</string><string>'Helvetica Neue', Helvetica, Arial, sans-serif</string><string>Georgia, 'Times New Roman', Times, serif</string><string>Menlo, Monaco, Consolas, 'Courier New', monospace</string><string>13px</string><string>@sansFontFamily</string><string>18px</string><string>@serifFontFamily</string><string>inherit</string><string>bold</string><string>inherit</string><string>../../bootstrap/img/glyphicons-halflings.png</string><string>../../bootstrap/img/glyphicons-halflings-white.png</string><string>true</string></field><field name='numericvalue'><string></string><string></string><string></string><string></string><string></string><string></string><string></string><string></string><string></string><string></string><string></string><string></string><string></string><string></string><string></string><string></string><string></string><string></string><string></string><string></string><string></string><string></string><string></string><string></string><string></string><string></string><string></string><string></string><string></string><string></string><string></string><string></string><string></string><string></string><string></string><string></string><string></string><string></string><string></string><string></string><string></string><string></string><string></string><string></string><string></string><string></string><string></string><string></string><string></string><string></string><string></string><string></string><string></string><string></string><string></string><string></string><string></string><string></string><string></string><string></string><string></string><string></string><string></string><string></string><string></string><string></string><string></string><string></string><string></string><string></string><string></string><string></string><string></string><string></string><string></string><string></string><string></string><string></string><string></string><string></string><string></string><string></string><string></string><string></string><string></string><string></string><string></string><string></string><string></string><string></string><string></string><string></string><string></string><string></string><string></string><string></string><string></string><string></string><string></string><string></string><string></string><string></string><string></string></field><field name='datetimevalue'><string></string><string></string><string></string><string></string><string></string><string></string><string></string><string></string><string></string><string></string><string></string><string></string><string></string><string></string><string></string><string></string><string></string><string></string><string></string><string></string><string></string><string></string><string></string><string></string><string></string><string></string><string></string><string></string><string></string><string></string><string></string><string></string><string></string><string></string><string></string><string></string><string></string><string></string><string></string><string></string><string></string><string></string><string></string><string></string><string></string><string></string><string></string><string></string><string></string><string></string><string></string><string></string><string></string><string></string><string></string><string></string><string></string><string></string><string></string><string></string><string></string><string></string><string></string><string></string><string></string><string></string><string></string><string></string><string></string><string></string><string></string><string></string><string></string><string></string><string></string><string></string><string></string><string></string><string></string><string></string><string></string><string></string><string></string><string></string><string></string><string></string><string></string><string></string><string></string><string></string><string></string><string></string><string></string><string></string><string></string><string></string><string></string><string></string><string></string><string></string><string></string><string></string><string></string></field><field name='remoteID'><string></string><string></string><string></string><string></string><string></string><string></string><string></string><string></string><string></string><string></string><string></string><string></string><string></string><string></string><string></string><string></string><string></string><string></string><string></string><string></string><string></string><string></string><string></string><string></string><string></string><string></string><string></string><string></string><string></string><string></string><string></string><string></string><string></string><string></string><string></string><string></string><string></string><string></string><string></string><string></string><string></string><string></string><string></string><string></string><string></string><string></string><string></string><string></string><string></string><string></string><string></string><string></string><string></string><string></string><string></string><string></string><string></string><string></string><string></string><string></string><string></string><string></string><string></string><string></string><string></string><string></string><string></string><string></string><string></string><string></string><string></string><string></string><string></string><string></string><string></string><string></string><string></string><string></string><string></string><string></string><string></string><string></string><string></string><string></string><string></string><string></string><string></string><string></string><string></string><string></string><string></string><string></string><string></string><string></string><string></string><string></string><string></string><string></string><string></string><string></string><string></string><string></string><string></string></field></recordset></data></wddxPacket>
