<wddxPacket version='1.0'><header/><data><recordset rowCount='41' fieldNames='ContentHistID,ObjectID,Object,ContentID,Name,OrderNo,SiteID,ColumnID,Params' type='coldfusion.sql.QueryTable'><field name='ContentHistID'><string>153921F9-B36A-4D23-8F572881A5A93A40</string><string>153921F9-B36A-4D23-8F572881A5A93A40</string><string>153921F9-B36A-4D23-8F572881A5A93A40</string><string>153921F9-B36A-4D23-8F572881A5A93A40</string><string>153921F9-B36A-4D23-8F572881A5A93A40</string><string>28284BEE-9826-4271-9EE99E9609F762BF</string><string>28284BEE-9826-4271-9EE99E9609F762BF</string><string>28284BEE-9826-4271-9EE99E9609F762BF</string><string>28284BEE-9826-4271-9EE99E9609F762BF</string><string>28284BEE-9826-4271-9EE99E9609F762BF</string><string>28284BEE-9826-4271-9EE99E9609F762BF</string><string>28284BEE-9826-4271-9EE99E9609F762BF</string><string>3C0F49DF-8AA5-45F8-BE90760CDF9554C9</string><string>3C0F49DF-8AA5-45F8-BE90760CDF9554C9</string><string>3C0F49DF-8AA5-45F8-BE90760CDF9554C9</string><string>46F57F67-04EF-409D-B62D5EDE3EE3237F</string><string>46F57F67-04EF-409D-B62D5EDE3EE3237F</string><string>470EC5CB-5EE8-48AB-8BA04F9B0FC40708</string><string>4C6F67D1-6DE6-448E-BB59A32DB1DB4C4D</string><string>54E04B92-C08C-4B55-9BB5FEAD73B9A14F</string><string>7FA7AE5A-CEAF-4285-A833F8DADC07E13B</string><string>802E55C2-B14D-4315-B7C30362E6033D4C</string><string>802E55C2-B14D-4315-B7C30362E6033D4C</string><string>802E55C2-B14D-4315-B7C30362E6033D4C</string><string>9C483D29-394A-465C-A9AC19CA8564301A</string><string>A186E685-0342-4BA5-AE88C2A72C4A90AB</string><string>A26173CF-B093-41B2-97C941B2E1E6473A</string><string>A26173CF-B093-41B2-97C941B2E1E6473A</string><string>E0F7CC16-2169-4206-861B2817C9BF5625</string><string>E647AF5E-9B34-4A46-81B3459E5218CE53</string><string>E91E40D6-3D51-4CB6-9E20B8884731D586</string><string>E91E40D6-3D51-4CB6-9E20B8884731D586</string><string>E91E40D6-3D51-4CB6-9E20B8884731D586</string><string>E91E40D6-3D51-4CB6-9E20B8884731D586</string><string>E91E40D6-3D51-4CB6-9E20B8884731D586</string><string>FE809BD4-452C-433D-ABAA535ED387A667</string><string>FF6ECA23-6304-4D6E-B34034F2A576AE51</string><string>FF6ECA23-6304-4D6E-B34034F2A576AE51</string><string>FF6ECA23-6304-4D6E-B34034F2A576AE51</string><string>FF6ECA23-6304-4D6E-B34034F2A576AE51</string><string>FF6ECA23-6304-4D6E-B34034F2A576AE51</string></field><field name='ObjectID'><string>7DF7072B-5DF0-49C1-862E80AA76BF99E5</string><string>B7EB5A3F-8390-4A50-90699BC85D0CCF71</string><string>C6012924-1026-48B7-8574EF7508E24072</string><string>C6012924-1026-48B7-8574EF7508E24072</string><string>C8412EED-086D-4702-AE52F8A519802BA9</string><string>5BA42622-54DF-4DF2-8DAA308CB80132FC</string><string>7DF7072B-5DF0-49C1-862E80AA76BF99E5</string><string>87ABA41E-FE2B-420C-BDEC5D240BA4C52A</string><string>8965BE55-7F92-4CAF-82A3B65A765EBF34</string><string>8965BE55-7F92-4CAF-82A3B65A765EBF34</string><string>8965BE55-7F92-4CAF-82A3B65A765EBF34</string><string>none</string><string>232E3876-163B-48A9-A991EB41276C2CDE</string><string>232E3876-163B-48A9-A991EB41276C2CDE</string><string>232E3876-163B-48A9-A991EB41276C2CDE</string><string>04FD6F03-8115-4313-A960381EC1764674</string><string>E9723F37-9539-4960-82F3F7EBE9FC5A47</string><string>38BD21EC-D352-47E6-88E7CB3BDA8F87F1</string><string>232E3876-163B-48A9-A991EB41276C2CDE</string><string>04FD6F03-8115-4313-A960381EC1764674</string><string>8A4CE6C2-3658-4C30-A6A19B111807CCC5</string><string>80EE868F-9E62-473A-B1DFE4579BAD5069</string><string>9F2AF082-53A8-4F93-8D372D49F124DCED</string><string>EBD843B0-D8CA-4CF7-965913D5E22DCFDB</string><string>F24FCE97-58AD-4C44-A29DAF77CF1D4BEB</string><string>60AAE8E5-89FF-49A1-9C243B25ABCC7C2E</string><string>04FD6F03-8115-4313-A960381EC1764674</string><string>06C5B793-B2A3-40F4-8046C5F15A2559E0</string><string>CC0FD749-5D6B-4C03-9C512B5E868ABB52</string><string>04FD6F03-8115-4313-A960381EC1764674</string><string>C9102DA5-954C-4B5F-B2C16A7EE96A3727</string><string>C9102DA5-954C-4B5F-B2C16A7EE96A3727</string><string>C9102DA5-954C-4B5F-B2C16A7EE96A3727</string><string>C9102DA5-954C-4B5F-B2C16A7EE96A3727</string><string>C9102DA5-954C-4B5F-B2C16A7EE96A3727</string><string>AC30BC11-E274-498C-9A3014A74FC229B4</string><string>048055EE-7B39-4593-BCC033BDE01D3C4D</string><string>87596C1C-C907-418D-A5E0562F94F9F819</string><string>AEC33078-9FC7-494F-BE696F56BAEE3863</string><string>C39A2855-B34D-4060-B33154915FE4FD2E</string><string>F3E2E6B8-33A4-409A-9143E518850F4E79</string></field><field name='Object'><string>user_tools</string><string>standard_nav</string><string>calendar_nav</string><string>features_no_summary</string><string>event_reminder_form</string><string>tag_cloud</string><string>comments</string><string>rater</string><string>archive_nav</string><string>calendar_nav</string><string>category_summary</string><string>mailing_list_master</string><string>dragable_feeds</string><string>favorites</string><string>rater</string><string>standard_nav</string><string>user_tools</string><string>multilevel_nav</string><string>site_map</string><string>standard_nav</string><string>standard_nav</string><string>feed_slideshow</string><string>plugin</string><string>plugin</string><string>standard_nav</string><string>site_map</string><string>standard_nav</string><string>user_tools</string><string>multilevel_nav</string><string>standard_nav</string><string>calendar_nav</string><string>category_summary</string><string>category_summary_rss</string><string>related_section_content</string><string>related_section_content_no_summary</string><string>goToFirstChild</string><string>form</string><string>form</string><string>form</string><string>form</string><string>form</string></field><field name='ContentID'><string>C6012924-1026-48B7-8574EF7508E24072</string><string>C6012924-1026-48B7-8574EF7508E24072</string><string>C6012924-1026-48B7-8574EF7508E24072</string><string>C6012924-1026-48B7-8574EF7508E24072</string><string>C6012924-1026-48B7-8574EF7508E24072</string><string>8965BE55-7F92-4CAF-82A3B65A765EBF34</string><string>8965BE55-7F92-4CAF-82A3B65A765EBF34</string><string>8965BE55-7F92-4CAF-82A3B65A765EBF34</string><string>8965BE55-7F92-4CAF-82A3B65A765EBF34</string><string>8965BE55-7F92-4CAF-82A3B65A765EBF34</string><string>8965BE55-7F92-4CAF-82A3B65A765EBF34</string><string>8965BE55-7F92-4CAF-82A3B65A765EBF34</string><string>1773B8E7-DB52-4873-98BCEAE6E2950D00</string><string>1773B8E7-DB52-4873-98BCEAE6E2950D00</string><string>1773B8E7-DB52-4873-98BCEAE6E2950D00</string><string>FA144364-1A55-40F1-8A99922624A1B7EB</string><string>FA144364-1A55-40F1-8A99922624A1B7EB</string><string>31707201-226D-4CF3-AD18D874A1C2FC6A</string><string>B03B63D5-EF68-43F1-9BB49FBD75FA44D3</string><string>317F3A56-B059-4884-BABD59F3FF8BFC8A</string><string>F3B7E64E-62B2-4A2B-B3988B28C3377E05</string><string>93D02520-982A-48BA-8B8956A74F1314D2</string><string>93D02520-982A-48BA-8B8956A74F1314D2</string><string>93D02520-982A-48BA-8B8956A74F1314D2</string><string>60379F92-7A67-4C38-A0F2E1DF23AAC934</string><string>DD44551B-0F53-4205-98C55C813A651625</string><string>71E4167D-FA2D-48EC-818E71DA91CD66CB</string><string>71E4167D-FA2D-48EC-818E71DA91CD66CB</string><string>50C5795E-5F56-4012-A92C317E5D0B7328</string><string>673C486D-2D71-4ACE-B7BBE6C8C6A4817B</string><string>C9102DA5-954C-4B5F-B2C16A7EE96A3727</string><string>C9102DA5-954C-4B5F-B2C16A7EE96A3727</string><string>C9102DA5-954C-4B5F-B2C16A7EE96A3727</string><string>C9102DA5-954C-4B5F-B2C16A7EE96A3727</string><string>C9102DA5-954C-4B5F-B2C16A7EE96A3727</string><string>3DE9860E-0F3E-4CB5-835ADCEE85F9E363</string><string>2EC81700-9780-402A-AA717F368746CADA</string><string>2EC81700-9780-402A-AA717F368746CADA</string><string>2EC81700-9780-402A-AA717F368746CADA</string><string>2EC81700-9780-402A-AA717F368746CADA</string><string>2EC81700-9780-402A-AA717F368746CADA</string></field><field name='Name'><string>User Tools</string><string>Standard Navigation</string><string>Calendar - Calendar Navigation</string><string>Calendar Featured Content</string><string>Event Reminder Form</string><string>Tag Cloud</string><string>Accept Comments</string><string>Content Rater</string><string>Portal Example - Archive Navigation</string><string>Portal Example - Calendar Navigation</string><string>Portal Example - Category Summary</string><string>Master Mailing List Sign Up Form</string><string>Dragable Feeds</string><string>User Favorites</string><string>Content Rater</string><string>Standard Navigation</string><string>User Tools</string><string>Multi-Level Navigation</string><string>Site Map</string><string>Standard Navigation</string><string>Standard Navigation</string><string>Slideshow - Local Index Slide Show</string><string>Example Configured Object</string><string>Mura Flex Slider</string><string>Standard Navigation</string><string>Site Map</string><string>Standard Navigation</string><string>User Tools</string><string>Multi-Level Navigation</string><string>Standard Navigation</string><string>Gallery - Calendar Navigation</string><string>Gallery - Category Summary Summary</string><string>Gallery - Category Summary [RSS]</string><string>Gallery - Related Content [Summaries]</string><string>Gallery - Related Content</string><string>Go To First Child</string><string>Data Collector - Example Form (Form Builder)</string><string>Data Collector - Example 4 - Grids in forms</string><string>Data Collector - Example 3 - Horizontal form</string><string>Data Collector - Example 1 - Default styles</string><string>Data Collector - Example 2 - Inline form</string></field><field name='OrderNo'><number>3.0</number><number>2.0</number><number>1.0</number><number>4.0</number><number>1.0</number><number>3.0</number><number>1.0</number><number>1.0</number><number>6.0</number><number>5.0</number><number>4.0</number><number>2.0</number><number>1.0</number><number>2.0</number><number>1.0</number><number>1.0</number><number>1.0</number><number>1.0</number><number>1.0</number><number>1.0</number><number>1.0</number><number>1.0</number><number>2.0</number><number>3.0</number><number>1.0</number><number>1.0</number><number>1.0</number><number>1.0</number><number>1.0</number><number>1.0</number><number>1.0</number><number>2.0</number><number>3.0</number><number>2.0</number><number>1.0</number><number>1.0</number><number>1.0</number><number>5.0</number><number>4.0</number><number>2.0</number><number>3.0</number></field><field name='SiteID'><string>default</string><string>default</string><string>default</string><string>default</string><string>default</string><string>default</string><string>default</string><string>default</string><string>default</string><string>default</string><string>default</string><string>default</string><string>default</string><string>default</string><string>default</string><string>default</string><string>default</string><string>default</string><string>default</string><string>default</string><string>default</string><string>default</string><string>default</string><string>default</string><string>default</string><string>default</string><string>default</string><string>default</string><string>default</string><string>default</string><string>default</string><string>default</string><string>default</string><string>default</string><string>default</string><string>default</string><string>default</string><string>default</string><string>default</string><string>default</string><string>default</string></field><field name='ColumnID'><number>3.0</number><number>3.0</number><number>3.0</number><number>3.0</number><number>2.0</number><number>1.0</number><number>2.0</number><number>1.0</number><number>1.0</number><number>1.0</number><number>1.0</number><number>1.0</number><number>2.0</number><number>3.0</number><number>3.0</number><number>1.0</number><number>3.0</number><number>1.0</number><number>2.0</number><number>1.0</number><number>3.0</number><number>2.0</number><number>2.0</number><number>2.0</number><number>3.0</number><number>2.0</number><number>1.0</number><number>3.0</number><number>3.0</number><number>1.0</number><number>1.0</number><number>1.0</number><number>1.0</number><number>3.0</number><number>3.0</number><number>2.0</number><number>2.0</number><number>2.0</number><number>2.0</number><number>2.0</number><number>2.0</number></field><field name='Params'><string></string><string></string><string></string><string></string><string></string><string></string><string></string><string></string><string></string><string></string><string>{&quot;displayRSS&quot;:&quot;0&quot;}</string><string></string><string></string><string></string><string></string><string></string><string></string><string></string><string></string><string></string><string></string><string>{&quot;imageSize&quot;:&quot;medium&quot;,&quot;imageWidth&quot;:&quot;AUTO&quot;,&quot;imageHeight&quot;:&quot;AUTO&quot;,&quot;displayName&quot;:&quot;0&quot;,&quot;altName&quot;:&quot;&quot;,&quot;maxItems&quot;:&quot;4&quot;,&quot;displayList&quot;:&quot;Date,Title,Image,Summary,Credits,Tags&quot;}</string><string>{&quot;feedID&quot;:&quot;80EE868F-9E62-473A-B1DFE4579BAD5069&quot;,&quot;imageSize&quot;:&quot;custom&quot;,&quot;imageWidth&quot;:&quot;AUTO&quot;,&quot;imageHeight&quot;:&quot;300&quot;,&quot;interval&quot;:&quot;5&quot;,&quot;cssID&quot;:&quot;myCarousel&quot;}</string><string>{&quot;feedID&quot;:&quot;80EE868F-9E62-473A-B1DFE4579BAD5069&quot;,&quot;imageSize&quot;:&quot;custom&quot;,&quot;imageWidth&quot;:&quot;AUTO&quot;,&quot;imageHeight&quot;:&quot;300&quot;,&quot;slideshowSpeed&quot;:&quot;5&quot;,&quot;cssID&quot;:&quot;section-slider&quot;,&quot;containerClass&quot;:&quot;flexslider-container&quot;,&quot;showSummary&quot;:&quot;1&quot;}</string><string></string><string></string><string></string><string></string><string></string><string></string><string></string><string></string><string></string><string></string><string></string><string></string><string></string><string></string><string></string><string></string><string></string></field></recordset></data></wddxPacket>
