<wddxPacket version='1.0'><header/><data><recordset rowCount='19' fieldNames='extendSetID,subTypeID,categoryID,siteID,name,orderno,isActive,container' type='coldfusion.sql.QueryTable'><field name='extendSetID'><string>06FF55BB-3585-42ED-B6605530D2F59534</string><string>136B756A-5E71-4E43-95627E8946B8596F</string><string>197480E1-57FD-434C-88242FA060F3ABA6</string><string>2097D905-F3C0-4629-A3D7A9C4EC3947FF</string><string>525C3E41-EF91-4C58-859F7949B52D84BF</string><string>55E9EFDB-8E0B-4C4C-93DD55E2092A0879</string><string>5772C1B5-F842-42F5-99DF22B5D740D771</string><string>61D4C11A-A622-4CA6-B09DCCFD5F27C942</string><string>6A28BB59-5C22-48CD-804B56A8A8E66ED4</string><string>6DD262E0-0B51-4DD1-96A71F083BE16E6F</string><string>873055AB-49EA-46F2-8046B0B37B2FBDB6</string><string>87DEBC0C-CFF8-407A-A7692B9EA834F703</string><string>8A529C50-4F3D-4CC1-A3A4EBCB52ED3F80</string><string>8D702397-4464-4DD9-B3C38E68F41249D1</string><string>9A3F644A-D3FF-49F3-9FF7B4C9BB513AF2</string><string>9DBD8AA1-9FB3-492D-9BDC2F9A0F3CCBD5</string><string>DFB07549-BB15-4410-BFD72F92BA258789</string><string>EC997986-470D-4860-9342B99A3362F485</string><string>EE25220D-A312-42B9-890FAB75545CC96D</string></field><field name='subTypeID'><string>6ADC9F85-2DFD-4ED2-9A1753018331FB98</string><string>6ADC9F85-2DFD-4ED2-9A1753018331FB98</string><string>6ADC9F85-2DFD-4ED2-9A1753018331FB98</string><string>6ADC9F85-2DFD-4ED2-9A1753018331FB98</string><string>6ADC9F85-2DFD-4ED2-9A1753018331FB98</string><string>6ADC9F85-2DFD-4ED2-9A1753018331FB98</string><string>6ADC9F85-2DFD-4ED2-9A1753018331FB98</string><string>6ADC9F85-2DFD-4ED2-9A1753018331FB98</string><string>6ADC9F85-2DFD-4ED2-9A1753018331FB98</string><string>6ADC9F85-2DFD-4ED2-9A1753018331FB98</string><string>6ADC9F85-2DFD-4ED2-9A1753018331FB98</string><string>6ADC9F85-2DFD-4ED2-9A1753018331FB98</string><string>6ADC9F85-2DFD-4ED2-9A1753018331FB98</string><string>6ADC9F85-2DFD-4ED2-9A1753018331FB98</string><string>6ADC9F85-2DFD-4ED2-9A1753018331FB98</string><string>6ADC9F85-2DFD-4ED2-9A1753018331FB98</string><string>F4C1A857-07E8-461F-B300268ED67A64A1</string><string>6ADC9F85-2DFD-4ED2-9A1753018331FB98</string><string>6ADC9F85-2DFD-4ED2-9A1753018331FB98</string></field><field name='categoryID'><string></string><string></string><string></string><string></string><string></string><string></string><string></string><string></string><string></string><string></string><string></string><string></string><string></string><string></string><string></string><string></string><string></string><string></string><string></string></field><field name='siteID'><string>default</string><string>default</string><string>default</string><string>default</string><string>default</string><string>default</string><string>default</string><string>default</string><string>default</string><string>default</string><string>default</string><string>default</string><string>default</string><string>default</string><string>default</string><string>default</string><string>default</string><string>default</string><string>default</string></field><field name='name'><string>Bootstrap Gallery Options</string><string>Bootstrap Buttons Options</string><string>Bootstrap Input Placeholder Text Options</string><string>Bootstrap HR Border Color Text Options</string><string>Bootstrap Gray Options</string><string>Bootstrap or Bootswatch Options</string><string>Bootstrap Accent Color Options</string><string>Bootstrap Scaffolding Options</string><string>Bootstrap Hero Unit Options</string><string>Bootstrap Links Options</string><string>Bootstrap Navbar Options</string><string>Bootstrap Grid Options</string><string>Bootstrap Form States and Alerts Options</string><string>Bootstrap Forms Options</string><string>Bootstrap Dropdowns Options</string><string>Bootstrap Tables Options</string><string>Bootstrap Gallery Options</string><string>Bootstrap Typography Options</string><string>Bootstrap Sprite Icons Path Options</string></field><field name='orderno'><number>2.0</number><number>8.0</number><number>12.0</number><number>13.0</number><number>2.0</number><number>1.0</number><number>3.0</number><number>4.0</number><number>15.0</number><number>5.0</number><number>14.0</number><number>18.0</number><number>16.0</number><number>9.0</number><number>10.0</number><number>7.0</number><number>1.0</number><number>6.0</number><number>11.0</number></field><field name='isActive'><number>1.0</number><number>1.0</number><number>1.0</number><number>1.0</number><number>1.0</number><number>1.0</number><number>1.0</number><number>1.0</number><number>1.0</number><number>1.0</number><number>1.0</number><number>1.0</number><number>1.0</number><number>1.0</number><number>1.0</number><number>1.0</number><number>1.0</number><number>1.0</number><number>1.0</number></field><field name='container'><string>Default</string><string>Default</string><string>Default</string><string>Default</string><string>Default</string><string>Default</string><string>Default</string><string>Default</string><string>Default</string><string>Default</string><string>Default</string><string>Default</string><string>Default</string><string>Default</string><string>Default</string><string>Default</string><string>Default</string><string>Default</string><string>Default</string></field></recordset></data></wddxPacket>
