<wddxPacket version='1.0'><header/><data><recordset rowCount='1' fieldNames='paramID,feedID,param,relationship,field,condition,criteria,dataType' type='coldfusion.sql.QueryTable'><field name='paramID'><string>F9706984-866A-4288-867DD9412CF7B07D</string></field><field name='feedID'><string>80EE868F-9E62-473A-B1DFE4579BAD5069</string></field><field name='param'><number>1.0</number></field><field name='relationship'><string>and</string></field><field name='field'><string></string></field><field name='condition'><string>Equals</string></field><field name='criteria'><string></string></field><field name='dataType'><string></string></field></recordset></data></wddxPacket>
