<wddxPacket version='1.0'><header/><data><recordset rowCount='3' fieldNames='feedID,siteID,parentID,name,isActive,isPublic,isDefault,isFeaturesOnly,description,maxItems,allowHTML,lang,lastUpdateBy,lastUpdate,dateCreated,restricted,restrictGroups,version,channelLink,Type,sortBy,sortDirection,nextN,displayName,displayRatings,displayComments,altName,remoteID,remoteSourceURL,remotePubDate,imageSize,imageHeight,imageWidth,displayList,showNavOnly,showExcludeSearch' type='coldfusion.sql.QueryTable'><field name='feedID'><string>75DB89DF-D2FC-49AB-BD0029E8B5898944</string><string>80EE868F-9E62-473A-B1DFE4579BAD5069</string><string>D182A22B-1FDD-4AAD-A0720C833A0A411E</string></field><field name='siteID'><string>default</string><string>default</string><string>default</string></field><field name='parentID'><string></string><string></string><string></string></field><field name='name'><string>Mura Blog</string><string>Slideshow</string><string>Blue River Twitter</string></field><field name='isActive'><number>1.0</number><number>1.0</number><number>1.0</number></field><field name='isPublic'><number>1.0</number><number>0.0</number><number>1.0</number></field><field name='isDefault'><number>0.0</number><number>0.0</number><number>0.0</number></field><field name='isFeaturesOnly'><number>0.0</number><number>0.0</number><number>0.0</number></field><field name='description'><string></string><string></string><string></string></field><field name='maxItems'><number>3.0</number><number>4.0</number><number>3.0</number></field><field name='allowHTML'><number>1.0</number><number>1.0</number><number>1.0</number></field><field name='lang'><string>en-us</string><string>en-us</string><string>en-us</string></field><field name='lastUpdateBy'><string>Admin User</string><string>Admin User</string><string>Admin User</string></field><field name='lastUpdate'><dateTime>2010-12-14T3:49:29+0:0</dateTime><dateTime>2011-11-10T21:13:52+0:0</dateTime><dateTime>2010-12-14T3:46:43+0:0</dateTime></field><field name='dateCreated'><dateTime>2010-12-14T3:49:29+0:0</dateTime><dateTime>2011-11-10T21:13:52+0:0</dateTime><dateTime>2010-12-14T3:46:43+0:0</dateTime></field><field name='restricted'><number>0.0</number><number>0.0</number><number>0.0</number></field><field name='restrictGroups'><string></string><string></string><string></string></field><field name='version'><string>RSS 2.0</string><string>RSS 2.0</string><string>RSS 2.0</string></field><field name='channelLink'><string>http://www.getmura.com/tasks/feed/?feedID=AA4D3AF9-C9BA-D852-C5F762EF7FF3F2DF</string><string></string><string>http://twitter.com/statuses/user_timeline/28167999.rss</string></field><field name='Type'><string>Remote</string><string>Local</string><string>Remote</string></field><field name='sortBy'><string>lastUpdate</string><string>lastUpdate</string><string>lastUpdate</string></field><field name='sortDirection'><string>desc</string><string>asc</string><string>desc</string></field><field name='nextN'><number>20.0</number><number>4.0</number><number>20.0</number></field><field name='displayName'><number>0.0</number><number>0.0</number><number>0.0</number></field><field name='displayRatings'><number>0.0</number><number>0.0</number><number>0.0</number></field><field name='displayComments'><number>0.0</number><number>0.0</number><number>0.0</number></field><field name='altName'><string></string><string></string><string></string></field><field name='remoteID'><string></string><string></string><string></string></field><field name='remoteSourceURL'><string></string><string></string><string></string></field><field name='remotePubDate'><string></string><string></string><string></string></field><field name='imageSize'><string></string><string>small</string><string></string></field><field name='imageHeight'><string></string><string>AUTO</string><string></string></field><field name='imageWidth'><string></string><string>AUTO</string><string></string></field><field name='displayList'><string></string><string>Date,Title,Image,Summary,Credits,Tags</string><string></string></field><field name='showNavOnly'><number>0.0</number><number>1.0</number><number>0.0</number></field><field name='showExcludeSearch'><number>0.0</number><number>0.0</number><number>0.0</number></field></recordset></data></wddxPacket>
