<wddxPacket version='1.0'><header/><data><recordset rowCount='106' fieldNames='attributeID,extendSetID,siteID,name,label,hint,type,orderno,isActive,required,validation,regex,message,defaultValue,optionList,optionLabelList' type='coldfusion.sql.QueryTable'><field name='attributeID'><number>392.0</number><number>393.0</number><number>394.0</number><number>395.0</number><number>396.0</number><number>397.0</number><number>398.0</number><number>399.0</number><number>400.0</number><number>401.0</number><number>402.0</number><number>403.0</number><number>404.0</number><number>405.0</number><number>406.0</number><number>407.0</number><number>408.0</number><number>409.0</number><number>410.0</number><number>411.0</number><number>412.0</number><number>413.0</number><number>414.0</number><number>415.0</number><number>416.0</number><number>417.0</number><number>418.0</number><number>419.0</number><number>420.0</number><number>421.0</number><number>422.0</number><number>423.0</number><number>424.0</number><number>425.0</number><number>426.0</number><number>427.0</number><number>428.0</number><number>429.0</number><number>430.0</number><number>431.0</number><number>432.0</number><number>433.0</number><number>434.0</number><number>435.0</number><number>436.0</number><number>437.0</number><number>438.0</number><number>439.0</number><number>440.0</number><number>441.0</number><number>442.0</number><number>443.0</number><number>444.0</number><number>445.0</number><number>446.0</number><number>447.0</number><number>448.0</number><number>449.0</number><number>450.0</number><number>451.0</number><number>452.0</number><number>453.0</number><number>454.0</number><number>455.0</number><number>456.0</number><number>457.0</number><number>458.0</number><number>459.0</number><number>460.0</number><number>461.0</number><number>462.0</number><number>463.0</number><number>464.0</number><number>465.0</number><number>466.0</number><number>467.0</number><number>468.0</number><number>469.0</number><number>470.0</number><number>471.0</number><number>472.0</number><number>473.0</number><number>474.0</number><number>475.0</number><number>476.0</number><number>477.0</number><number>478.0</number><number>479.0</number><number>480.0</number><number>481.0</number><number>482.0</number><number>483.0</number><number>484.0</number><number>485.0</number><number>486.0</number><number>487.0</number><number>488.0</number><number>489.0</number><number>490.0</number><number>491.0</number><number>492.0</number><number>493.0</number><number>494.0</number><number>499.0</number><number>500.0</number><number>501.0</number></field><field name='extendSetID'><string>55E9EFDB-8E0B-4C4C-93DD55E2092A0879</string><string>06FF55BB-3585-42ED-B6605530D2F59534</string><string>06FF55BB-3585-42ED-B6605530D2F59534</string><string>06FF55BB-3585-42ED-B6605530D2F59534</string><string>525C3E41-EF91-4C58-859F7949B52D84BF</string><string>525C3E41-EF91-4C58-859F7949B52D84BF</string><string>525C3E41-EF91-4C58-859F7949B52D84BF</string><string>525C3E41-EF91-4C58-859F7949B52D84BF</string><string>525C3E41-EF91-4C58-859F7949B52D84BF</string><string>525C3E41-EF91-4C58-859F7949B52D84BF</string><string>525C3E41-EF91-4C58-859F7949B52D84BF</string><string>5772C1B5-F842-42F5-99DF22B5D740D771</string><string>5772C1B5-F842-42F5-99DF22B5D740D771</string><string>5772C1B5-F842-42F5-99DF22B5D740D771</string><string>5772C1B5-F842-42F5-99DF22B5D740D771</string><string>5772C1B5-F842-42F5-99DF22B5D740D771</string><string>5772C1B5-F842-42F5-99DF22B5D740D771</string><string>5772C1B5-F842-42F5-99DF22B5D740D771</string><string>5772C1B5-F842-42F5-99DF22B5D740D771</string><string>61D4C11A-A622-4CA6-B09DCCFD5F27C942</string><string>61D4C11A-A622-4CA6-B09DCCFD5F27C942</string><string>6DD262E0-0B51-4DD1-96A71F083BE16E6F</string><string>6DD262E0-0B51-4DD1-96A71F083BE16E6F</string><string>EC997986-470D-4860-9342B99A3362F485</string><string>EC997986-470D-4860-9342B99A3362F485</string><string>EC997986-470D-4860-9342B99A3362F485</string><string>EC997986-470D-4860-9342B99A3362F485</string><string>EC997986-470D-4860-9342B99A3362F485</string><string>EC997986-470D-4860-9342B99A3362F485</string><string>EC997986-470D-4860-9342B99A3362F485</string><string>EC997986-470D-4860-9342B99A3362F485</string><string>EC997986-470D-4860-9342B99A3362F485</string><string>EC997986-470D-4860-9342B99A3362F485</string><string>9DBD8AA1-9FB3-492D-9BDC2F9A0F3CCBD5</string><string>9DBD8AA1-9FB3-492D-9BDC2F9A0F3CCBD5</string><string>9DBD8AA1-9FB3-492D-9BDC2F9A0F3CCBD5</string><string>9DBD8AA1-9FB3-492D-9BDC2F9A0F3CCBD5</string><string>136B756A-5E71-4E43-95627E8946B8596F</string><string>136B756A-5E71-4E43-95627E8946B8596F</string><string>136B756A-5E71-4E43-95627E8946B8596F</string><string>136B756A-5E71-4E43-95627E8946B8596F</string><string>136B756A-5E71-4E43-95627E8946B8596F</string><string>136B756A-5E71-4E43-95627E8946B8596F</string><string>136B756A-5E71-4E43-95627E8946B8596F</string><string>136B756A-5E71-4E43-95627E8946B8596F</string><string>136B756A-5E71-4E43-95627E8946B8596F</string><string>136B756A-5E71-4E43-95627E8946B8596F</string><string>136B756A-5E71-4E43-95627E8946B8596F</string><string>136B756A-5E71-4E43-95627E8946B8596F</string><string>136B756A-5E71-4E43-95627E8946B8596F</string><string>136B756A-5E71-4E43-95627E8946B8596F</string><string>136B756A-5E71-4E43-95627E8946B8596F</string><string>8D702397-4464-4DD9-B3C38E68F41249D1</string><string>8D702397-4464-4DD9-B3C38E68F41249D1</string><string>8D702397-4464-4DD9-B3C38E68F41249D1</string><string>8D702397-4464-4DD9-B3C38E68F41249D1</string><string>8D702397-4464-4DD9-B3C38E68F41249D1</string><string>9A3F644A-D3FF-49F3-9FF7B4C9BB513AF2</string><string>9A3F644A-D3FF-49F3-9FF7B4C9BB513AF2</string><string>9A3F644A-D3FF-49F3-9FF7B4C9BB513AF2</string><string>9A3F644A-D3FF-49F3-9FF7B4C9BB513AF2</string><string>9A3F644A-D3FF-49F3-9FF7B4C9BB513AF2</string><string>9A3F644A-D3FF-49F3-9FF7B4C9BB513AF2</string><string>9A3F644A-D3FF-49F3-9FF7B4C9BB513AF2</string><string>EE25220D-A312-42B9-890FAB75545CC96D</string><string>EE25220D-A312-42B9-890FAB75545CC96D</string><string>EE25220D-A312-42B9-890FAB75545CC96D</string><string>197480E1-57FD-434C-88242FA060F3ABA6</string><string>2097D905-F3C0-4629-A3D7A9C4EC3947FF</string><string>873055AB-49EA-46F2-8046B0B37B2FBDB6</string><string>873055AB-49EA-46F2-8046B0B37B2FBDB6</string><string>873055AB-49EA-46F2-8046B0B37B2FBDB6</string><string>873055AB-49EA-46F2-8046B0B37B2FBDB6</string><string>873055AB-49EA-46F2-8046B0B37B2FBDB6</string><string>873055AB-49EA-46F2-8046B0B37B2FBDB6</string><string>873055AB-49EA-46F2-8046B0B37B2FBDB6</string><string>873055AB-49EA-46F2-8046B0B37B2FBDB6</string><string>873055AB-49EA-46F2-8046B0B37B2FBDB6</string><string>873055AB-49EA-46F2-8046B0B37B2FBDB6</string><string>873055AB-49EA-46F2-8046B0B37B2FBDB6</string><string>873055AB-49EA-46F2-8046B0B37B2FBDB6</string><string>873055AB-49EA-46F2-8046B0B37B2FBDB6</string><string>873055AB-49EA-46F2-8046B0B37B2FBDB6</string><string>6A28BB59-5C22-48CD-804B56A8A8E66ED4</string><string>6A28BB59-5C22-48CD-804B56A8A8E66ED4</string><string>6A28BB59-5C22-48CD-804B56A8A8E66ED4</string><string>8A529C50-4F3D-4CC1-A3A4EBCB52ED3F80</string><string>8A529C50-4F3D-4CC1-A3A4EBCB52ED3F80</string><string>8A529C50-4F3D-4CC1-A3A4EBCB52ED3F80</string><string>8A529C50-4F3D-4CC1-A3A4EBCB52ED3F80</string><string>8A529C50-4F3D-4CC1-A3A4EBCB52ED3F80</string><string>8A529C50-4F3D-4CC1-A3A4EBCB52ED3F80</string><string>8A529C50-4F3D-4CC1-A3A4EBCB52ED3F80</string><string>8A529C50-4F3D-4CC1-A3A4EBCB52ED3F80</string><string>8A529C50-4F3D-4CC1-A3A4EBCB52ED3F80</string><string>8A529C50-4F3D-4CC1-A3A4EBCB52ED3F80</string><string>8A529C50-4F3D-4CC1-A3A4EBCB52ED3F80</string><string>8A529C50-4F3D-4CC1-A3A4EBCB52ED3F80</string><string>87DEBC0C-CFF8-407A-A7692B9EA834F703</string><string>87DEBC0C-CFF8-407A-A7692B9EA834F703</string><string>87DEBC0C-CFF8-407A-A7692B9EA834F703</string><string>87DEBC0C-CFF8-407A-A7692B9EA834F703</string><string>87DEBC0C-CFF8-407A-A7692B9EA834F703</string><string>DFB07549-BB15-4410-BFD72F92BA258789</string><string>DFB07549-BB15-4410-BFD72F92BA258789</string><string>DFB07549-BB15-4410-BFD72F92BA258789</string></field><field name='siteID'><string>default</string><string>default</string><string>default</string><string>default</string><string>default</string><string>default</string><string>default</string><string>default</string><string>default</string><string>default</string><string>default</string><string>default</string><string>default</string><string>default</string><string>default</string><string>default</string><string>default</string><string>default</string><string>default</string><string>default</string><string>default</string><string>default</string><string>default</string><string>default</string><string>default</string><string>default</string><string>default</string><string>default</string><string>default</string><string>default</string><string>default</string><string>default</string><string>default</string><string>default</string><string>default</string><string>default</string><string>default</string><string>default</string><string>default</string><string>default</string><string>default</string><string>default</string><string>default</string><string>default</string><string>default</string><string>default</string><string>default</string><string>default</string><string>default</string><string>default</string><string>default</string><string>default</string><string>default</string><string>default</string><string>default</string><string>default</string><string>default</string><string>default</string><string>default</string><string>default</string><string>default</string><string>default</string><string>default</string><string>default</string><string>default</string><string>default</string><string>default</string><string>default</string><string>default</string><string>default</string><string>default</string><string>default</string><string>default</string><string>default</string><string>default</string><string>default</string><string>default</string><string>default</string><string>default</string><string>default</string><string>default</string><string>default</string><string>default</string><string>default</string><string>default</string><string>default</string><string>default</string><string>default</string><string>default</string><string>default</string><string>default</string><string>default</string><string>default</string><string>default</string><string>default</string><string>default</string><string>default</string><string>default</string><string>default</string><string>default</string><string>default</string><string>default</string><string>default</string><string>default</string><string>default</string><string>default</string></field><field name='name'><string>mbt-bootswatch</string><string>mbt-gallery-span</string><string>mbt-gallery-showTitle</string><string>mbt-gallery-showSummary</string><string>mbt-grays-black</string><string>mbt-grays-grayDarker</string><string>mbt-grays-grayDark</string><string>mbt-grays-gray</string><string>mbt-grays-grayLight</string><string>mbt-grays-grayLighter</string><string>mbt-grays-white</string><string>mbt-accents-blue</string><string>mbt-accents-blueDark</string><string>mbt-accents-green</string><string>mbt-accents-red</string><string>mbt-accents-yellow</string><string>mbt-accents-orange</string><string>mbt-accents-pink</string><string>mbt-accents-purple</string><string>mbt-scaffolding-bodyBackground</string><string>mbt-scaffolding-textColor</string><string>mbt-links-linkColor</string><string>mbt-links-linkColorHover</string><string>mbt-typography-sansFontFamily</string><string>mbt-typography-serifFontFamily</string><string>mbt-typography-monoFontFamily</string><string>mbt-typography-baseFontSize</string><string>mbt-typography-baseFontFamily</string><string>mbt-typography-baseLineHeight</string><string>mbt-typography-altFontFamily</string><string>mbt-typography-headingsFontFamily</string><string>mbt-typography-headingsFontWeight</string><string>mbt-typography-headingsColor</string><string>mbt-tables-tableBackground</string><string>mbt-tables-tableBackgroundAccent</string><string>mbt-tables-tableBackgroundHover</string><string>mbt-tables-tableBorder</string><string>mbt-buttons-btnBackground</string><string>mbt-buttons-btnBackgroundHighlight</string><string>mbt-buttons-btnBorder</string><string>mbt-buttons-btnPrimaryBackground</string><string>mbt-buttons-btnPrimaryBackgroundHighlight</string><string>mbt-buttons-btnInfoBackground</string><string>mbt-buttons-btnInfoBackgroundHighlight</string><string>mbt-buttons-btnSuccessBackground</string><string>mbt-buttons-btnSuccessBackgroundHighlight</string><string>mbt-buttons-btnWarningBackground</string><string>mbt-buttons-btnWarningBackgroundHighlight</string><string>mbt-buttons-btnDangerBackground</string><string>mbt-buttons-btnDangerBackgroundHighlight</string><string>mbt-buttons-btnInverseBackground</string><string>mbt-buttons-btnInverseBackgroundHighlight</string><string>mbt-forms-inputBackground</string><string>mbt-forms-inputBorder</string><string>mbt-forms-inputBorderRadius</string><string>mbt-forms-inputDisabledBackground</string><string>mbt-forms-formActionsBackground</string><string>mbt-dropdowns-dropdownBackground</string><string>mbt-dropdowns-dropdownBorder</string><string>mbt-dropdowns-dropdownLinkColor</string><string>mbt-dropdowns-dropdownLinkColorHover</string><string>mbt-dropdowns-dropdownLinkBackgroundHover</string><string>mbt-dropdowns-dropdownDividerTop</string><string>mbt-dropdowns-dropdownDividerBottom</string><string>mbt-sprites-iconSpritePath</string><string>mbt-sprites-iconWhiteSpritePath</string><string>mbt-sprites-font-awesome</string><string>mbt-input-placeholderText</string><string>mbt-hr-hrBorder</string><string>mbt-navbar-navbarHeight</string><string>mbt-navbar-navbarBackground</string><string>mbt-navbar-navbarBackgroundHighlight</string><string>mbt-navbar-navbarText</string><string>mbt-navbar-navbarLinkColor</string><string>mbt-navbar-navbarLinkColorHover</string><string>mbt-navbar-navbarLinkColorActive</string><string>mbt-navbar-navbarLinkBackgroundHover</string><string>mbt-navbar-navbarLinkBackgroundActive</string><string>mbt-navbar-navbarSearchBackground</string><string>mbt-navbar-navbarSearchBackgroundFocus</string><string>mbt-navbar-navbarSearchBorder</string><string>mbt-navbar-navbarSearchPlaceholderColor</string><string>mbt-navbar-navbarBrandColor</string><string>mbt-hero-heroUnitBackground</string><string>mbt-hero-heroUnitHeadingColor</string><string>mbt-hero-heroUnitLeadColor</string><string>mbt-form-warningText</string><string>mbt-form-warningBackground</string><string>mbt-form-warningBorder</string><string>mbt-form-errorText</string><string>mbt-form-errorBackground</string><string>mbt-form-errorBorder</string><string>mbt-form-successText</string><string>mbt-form-successBackground</string><string>mbt-form-successBorder</string><string>mbt-form-infoText</string><string>mbt-form-infoBackground</string><string>mbt-form-infoBorder</string><string>mbt-grid-gridColumns</string><string>mbt-grid-gridColumnWidth</string><string>mbt-grid-gridGutterWidth</string><string>mbt-fluid-fluidGridColumnWidth</string><string>mbt-fluid-fluidGridGutterWidth</string><string>mbt-gallery-span</string><string>mbt-gallery-showTitle</string><string>mbt-gallery-showSummary</string></field><field name='label'><string>Which Swatch would you like to use, if any?</string><string>How many columns per row would you like in your gallery?</string><string>Show the title of each image?</string><string>Show summary if there is one?</string><string>@black</string><string>@grayDarker</string><string>@grayDark</string><string>@gray</string><string>@grayLight</string><string>@grayLighter</string><string>@white</string><string>@blue</string><string>@blueDark</string><string>@green</string><string>@red</string><string>@yellow</string><string>@orange</string><string>@pink</string><string>@purple</string><string>@bodyBackground</string><string>@textColor</string><string>@linkColor</string><string>@linkColorHover</string><string>@sansFontFamily</string><string>@serifFontFamily</string><string>@monoFontFamily</string><string>@baseFontSize</string><string>@baseFontFamily</string><string>@baseLineHeight</string><string>@altFontFamily</string><string>@headingsFontFamily</string><string>@headingsFontWeight</string><string>@headingsColor</string><string>@tableBackground</string><string>@tableBackgroundAccent</string><string>@tableBackgroundHover</string><string>@tableBorder</string><string>@btnBackground</string><string>@btnBackgroundHighlight</string><string>@btnBorder</string><string>@btnPrimaryBackground</string><string>@btnPrimaryBackgroundHighlight</string><string>@btnInfoBackground</string><string>@btnInfoBackgroundHighlight</string><string>@btnSuccessBackground</string><string>@btnSuccessBackgroundHighlight</string><string>@btnWarningBackground</string><string>@btnWarningBackgroundHighlight</string><string>@btnDangerBackground</string><string>@btnDangerBackgroundHighlight</string><string>@btnInverseBackground</string><string>@btnInverseBackgroundHighlight</string><string>@inputBackground</string><string>@inputBorder</string><string>@inputBorderRadius</string><string>@inputDisabledBackground</string><string>@formActionsBackground</string><string>@dropdownBackground</string><string>@dropdownBorder</string><string>@dropdownLinkColor</string><string>@dropdownLinkColorHover</string><string>@dropdownLinkBackgroundHover</string><string>@dropdownDividerTop</string><string>@dropdownDividerBottom</string><string>@iconSpritePath</string><string>@iconWhiteSpritePath</string><string>Use Font Awesome Instead of Bootstrap Glyphs?</string><string>@placeholderText</string><string>@hrBorder</string><string>@navbarHeight</string><string>@navbarBackground</string><string>@navbarBackgroundHighlight</string><string>@navbarText</string><string>@navbarLinkColor</string><string>@navbarLinkColorHover</string><string>@navbarLinkColorActive</string><string>@navbarLinkBackgroundHover</string><string>@navbarLinkBackgroundActive</string><string>@navbarSearchBackground</string><string>@navbarSearchBackgroundFocus</string><string>@navbarSearchBorder</string><string>@navbarSearchPlaceholderColor</string><string>@navbarBrandColor</string><string>@heroUnitBackground</string><string>@heroUnitHeadingColor</string><string>@heroUnitLeadColor</string><string>@warningText</string><string>@warningBackground</string><string>@warningBorder</string><string>@errorText</string><string>@errorBackground</string><string>@errorBorder</string><string>@successText</string><string>@successBackground</string><string>@successBorder</string><string>@infoText</string><string>@infoBackground</string><string>@infoBorder</string><string>@gridColumns</string><string>@gridColumnWidth</string><string>@gridGutterWidth</string><string>@fluidGridColumnWidth</string><string>@fluidGridGutterWidth</string><string>How many columns per row would you like in your gallery?</string><string>Show the title of each image?</string><string>Show summary if there is one?</string></field><field name='hint'><string>Provides you with a bootswatch option. Defaults to None, which will use the settings from below</string><string>Each column is equal to a Bootstrap Span, and will default with the smallest image size. Therefore, make the size of the image being set in site settings for the small size image is equal do the width of the column number (span width) you've chosen. Refer to the bootstrap scaffolding documentation page for exact pixel width for each span</string><string>This will show or hide a title for each photo in the gallery</string><string>This will show or hide a summary for each photo in the gallery if there is one for the image</string><string>Defaults to #000</string><string>Defaults to #222</string><string>Defaults to #333</string><string>Defaults to #555</string><string>Defaults to #999</string><string>Defaults to #eee</string><string>Defaults to #fff</string><string>Defaults to #049cdb</string><string>Defaults to #0064cd</string><string>Defaults to #46a546</string><string>Defaults to #9d261d</string><string>Defaults to #ffc40d</string><string>Defaults to #f89406</string><string>Defaults to #c3325f</string><string>Defaults to #7a43b6</string><string>Defaults to @white</string><string>Defaults to @grayDark</string><string>Defaults to #08c</string><string>Defaults to darken(@linkColor, 15%)</string><string>Defaults to 'Helvetica Neue', Helvetica, Arial, sans-serif</string><string>Defaults to Georgia, 'Times New Roman', Times, serif</string><string>Defaults to Menlo, Monaco, Consolas, 'Courier New', monospace</string><string>Defaults to 13px</string><string>Defaults to @sansFontFamily</string><string>Defaults to 18px</string><string>Defaults to @serifFontFamily</string><string>Defaults to inherit</string><string>Defaults to bold</string><string>Defaults to inherit</string><string>Defaults to transparent</string><string>Defaults to #f9f9f9</string><string>Defaults to #f5f5f5</string><string>Defaults to #ddd</string><string>Defaults to @white</string><string>Defaults to darken(@white, 10%)</string><string>Defaults to #ccc</string><string>Defaults to @linkColor</string><string>Defaults to spin(@btnPrimaryBackground, 15%)</string><string>Defaults to #5bc0de</string><string>Defaults to #2f96b4</string><string>Defaults to #62c462</string><string>Defaults to #51a351</string><string>Defaults to lighten(@orange, 15%)</string><string>Defaults to @orange</string><string>Defaults to #ee5f5b</string><string>Defaults to #bd362f</string><string>Defaults to @gray</string><string>Defaults to @grayDarker</string><string>Defaults to @white</string><string>Defaults to #ccc</string><string>Defaults to 3px</string><string>Defaults to @grayLighter</string><string>Defaults to #f5f5f5</string><string>Defaults to @white</string><string>Defaults to rgba(0,0,0,.2)</string><string>Defaults to @grayDark</string><string>Defaults to @white</string><string>Defaults to @linkColor</string><string>Defaults to #e5e5e5</string><string>Defaults to @white</string><string>Defaults to ../../bootstrap/img/glyphicons-halflings.png</string><string>Defaults to ../../bootstrap/img/glyphicons-halflings-white.png</string><string>This will bypass using Bootstraps icons, and instead will use Font Awesome. Defaults to No.</string><string>Defaults to @grayLight</string><string>Defaults to @grayLighter</string><string>Defaults to 40px</string><string>Defaults to @grayDarker</string><string>Defaults to @grayDark</string><string>Defaults to @grayLight</string><string>Defaults to @grayLight</string><string>Defaults to @white</string><string>Defaults to @navbarLinkColorHover</string><string>Defaults to transparent</string><string>Defaults to @navbarBackground</string><string>Defaults to lighten(@navbarBackground, 25%)</string><string>Defaults to @white</string><string>Defaults to darken(@navbarSearchBackground, 30%)</string><string>Defaults to #ccc</string><string>Defaults to @navbarLinkColor</string><string>Defaults to @grayLighter</string><string>Defaults to inherit</string><string>Defaults to inherit</string><string>Defaults to #c09853</string><string>Defaults to #fcf8e3</string><string>Defaults to darken(spin(@warningBackground, -10), 3%)</string><string>Defaults to #b94a48</string><string>Defaults to #f2dede</string><string>Defaults to darken(spin(@errorBackground, -10), 3%)</string><string>Defaults to #468847</string><string>Defaults to #dff0d8</string><string>Defaults to darken(spin(@warningBackground, -10), 3%)</string><string>Defaults to #3a87ad</string><string>Defaults to #d9edf7</string><string>Defaults to darken(spin(@infoBackground, -10), 3%)</string><string>Defaults to 12</string><string>Defaults to 60px</string><string>Defaults to 20px</string><string>Defaults to 6.382978723%</string><string>Defaults to 2.127659574%</string><string>Each column is equal to a Bootstrap Span, and will default with the smallest image size. Therefore, make the size of the image being set in site settings for the small size image is equal do the width of the column number (span width) you've chosen. Refer to the bootstrap scaffolding documentation page for exact pixel width for each span</string><string>This will show or hide a title for each photo in the gallery</string><string>This will show or hide a summary for each photo in the gallery if there is one for the image</string></field><field name='type'><string>SelectBox</string><string>SelectBox</string><string>SelectBox</string><string>SelectBox</string><string>TextBox</string><string>TextBox</string><string>TextBox</string><string>TextBox</string><string>TextBox</string><string>TextBox</string><string>TextBox</string><string>TextBox</string><string>TextBox</string><string>TextBox</string><string>TextBox</string><string>TextBox</string><string>TextBox</string><string>TextBox</string><string>TextBox</string><string>TextBox</string><string>TextBox</string><string>TextBox</string><string>TextBox</string><string>TextBox</string><string>TextBox</string><string>TextBox</string><string>TextBox</string><string>TextBox</string><string>TextBox</string><string>TextBox</string><string>TextBox</string><string>TextBox</string><string>TextBox</string><string>TextBox</string><string>TextBox</string><string>TextBox</string><string>TextBox</string><string>TextBox</string><string>TextBox</string><string>TextBox</string><string>TextBox</string><string>TextBox</string><string>TextBox</string><string>TextBox</string><string>TextBox</string><string>TextBox</string><string>TextBox</string><string>TextBox</string><string>TextBox</string><string>TextBox</string><string>TextBox</string><string>TextBox</string><string>TextBox</string><string>TextBox</string><string>TextBox</string><string>TextBox</string><string>TextBox</string><string>TextBox</string><string>TextBox</string><string>TextBox</string><string>TextBox</string><string>TextBox</string><string>TextBox</string><string>TextBox</string><string>TextBox</string><string>TextBox</string><string>SelectBox</string><string>TextBox</string><string>TextBox</string><string>TextBox</string><string>TextBox</string><string>TextBox</string><string>TextBox</string><string>TextBox</string><string>TextBox</string><string>TextBox</string><string>TextBox</string><string>TextBox</string><string>TextBox</string><string>TextBox</string><string>TextBox</string><string>TextBox</string><string>TextBox</string><string>TextBox</string><string>TextBox</string><string>TextBox</string><string>TextBox</string><string>TextBox</string><string>TextBox</string><string>TextBox</string><string>TextBox</string><string>TextBox</string><string>TextBox</string><string>TextBox</string><string>TextBox</string><string>TextBox</string><string>TextBox</string><string>TextBox</string><string>TextBox</string><string>TextBox</string><string>TextBox</string><string>TextBox</string><string>TextBox</string><string>SelectBox</string><string>SelectBox</string><string>SelectBox</string></field><field name='orderno'><number>1.0</number><number>1.0</number><number>2.0</number><number>3.0</number><number>1.0</number><number>2.0</number><number>3.0</number><number>4.0</number><number>5.0</number><number>6.0</number><number>7.0</number><number>1.0</number><number>2.0</number><number>3.0</number><number>4.0</number><number>5.0</number><number>6.0</number><number>7.0</number><number>8.0</number><number>1.0</number><number>2.0</number><number>1.0</number><number>2.0</number><number>1.0</number><number>2.0</number><number>3.0</number><number>4.0</number><number>5.0</number><number>6.0</number><number>7.0</number><number>8.0</number><number>9.0</number><number>10.0</number><number>1.0</number><number>2.0</number><number>3.0</number><number>4.0</number><number>1.0</number><number>2.0</number><number>3.0</number><number>4.0</number><number>5.0</number><number>6.0</number><number>7.0</number><number>8.0</number><number>9.0</number><number>10.0</number><number>11.0</number><number>12.0</number><number>13.0</number><number>14.0</number><number>15.0</number><number>1.0</number><number>2.0</number><number>3.0</number><number>4.0</number><number>5.0</number><number>1.0</number><number>2.0</number><number>3.0</number><number>4.0</number><number>5.0</number><number>6.0</number><number>7.0</number><number>1.0</number><number>2.0</number><number>3.0</number><number>1.0</number><number>1.0</number><number>1.0</number><number>2.0</number><number>3.0</number><number>4.0</number><number>5.0</number><number>6.0</number><number>7.0</number><number>8.0</number><number>9.0</number><number>10.0</number><number>11.0</number><number>12.0</number><number>13.0</number><number>14.0</number><number>1.0</number><number>2.0</number><number>3.0</number><number>1.0</number><number>2.0</number><number>3.0</number><number>4.0</number><number>5.0</number><number>6.0</number><number>7.0</number><number>8.0</number><number>9.0</number><number>10.0</number><number>11.0</number><number>12.0</number><number>1.0</number><number>2.0</number><number>3.0</number><number>1.0</number><number>2.0</number><number>1.0</number><number>2.0</number><number>3.0</number></field><field name='isActive'><number>1.0</number><number>1.0</number><number>1.0</number><number>1.0</number><number>1.0</number><number>1.0</number><number>1.0</number><number>1.0</number><number>1.0</number><number>1.0</number><number>1.0</number><number>1.0</number><number>1.0</number><number>1.0</number><number>1.0</number><number>1.0</number><number>1.0</number><number>1.0</number><number>1.0</number><number>1.0</number><number>1.0</number><number>1.0</number><number>1.0</number><number>1.0</number><number>1.0</number><number>1.0</number><number>1.0</number><number>1.0</number><number>1.0</number><number>1.0</number><number>1.0</number><number>1.0</number><number>1.0</number><number>1.0</number><number>1.0</number><number>1.0</number><number>1.0</number><number>1.0</number><number>1.0</number><number>1.0</number><number>1.0</number><number>1.0</number><number>1.0</number><number>1.0</number><number>1.0</number><number>1.0</number><number>1.0</number><number>1.0</number><number>1.0</number><number>1.0</number><number>1.0</number><number>1.0</number><number>1.0</number><number>1.0</number><number>1.0</number><number>1.0</number><number>1.0</number><number>1.0</number><number>1.0</number><number>1.0</number><number>1.0</number><number>1.0</number><number>1.0</number><number>1.0</number><number>1.0</number><number>1.0</number><number>1.0</number><number>1.0</number><number>1.0</number><number>1.0</number><number>1.0</number><number>1.0</number><number>1.0</number><number>1.0</number><number>1.0</number><number>1.0</number><number>1.0</number><number>1.0</number><number>1.0</number><number>1.0</number><number>1.0</number><number>1.0</number><number>1.0</number><number>1.0</number><number>1.0</number><number>1.0</number><number>1.0</number><number>1.0</number><number>1.0</number><number>1.0</number><number>1.0</number><number>1.0</number><number>1.0</number><number>1.0</number><number>1.0</number><number>1.0</number><number>1.0</number><number>1.0</number><number>1.0</number><number>1.0</number><number>1.0</number><number>1.0</number><number>1.0</number><number>1.0</number><number>1.0</number><number>1.0</number></field><field name='required'><string>true</string><string>true</string><string>true</string><string>true</string><string>true</string><string>true</string><string>true</string><string>true</string><string>true</string><string>true</string><string>true</string><string>true</string><string>true</string><string>true</string><string>true</string><string>true</string><string>true</string><string>true</string><string>true</string><string>true</string><string>true</string><string>true</string><string>true</string><string>true</string><string>true</string><string>true</string><string>true</string><string>true</string><string>true</string><string>true</string><string>true</string><string>true</string><string>true</string><string>true</string><string>true</string><string>true</string><string>true</string><string>true</string><string>true</string><string>true</string><string>true</string><string>true</string><string>true</string><string>true</string><string>true</string><string>true</string><string>true</string><string>true</string><string>true</string><string>true</string><string>true</string><string>true</string><string>true</string><string>true</string><string>true</string><string>true</string><string>true</string><string>true</string><string>true</string><string>true</string><string>true</string><string>true</string><string>true</string><string>true</string><string>true</string><string>true</string><string>true</string><string>true</string><string>true</string><string>true</string><string>true</string><string>true</string><string>true</string><string>true</string><string>true</string><string>true</string><string>true</string><string>true</string><string>true</string><string>true</string><string>true</string><string>true</string><string>true</string><string>true</string><string>true</string><string>true</string><string>true</string><string>true</string><string>true</string><string>true</string><string>true</string><string>true</string><string>true</string><string>true</string><string>true</string><string>true</string><string>true</string><string>true</string><string>true</string><string>true</string><string>true</string><string>true</string><string>true</string><string>true</string><string>true</string><string>true</string></field><field name='validation'><string></string><string></string><string></string><string></string><string></string><string></string><string></string><string></string><string></string><string></string><string></string><string></string><string></string><string></string><string></string><string></string><string></string><string></string><string></string><string></string><string></string><string></string><string></string><string></string><string></string><string></string><string></string><string></string><string></string><string></string><string></string><string></string><string></string><string></string><string></string><string></string><string></string><string></string><string></string><string></string><string></string><string></string><string></string><string></string><string></string><string></string><string></string><string></string><string></string><string></string><string></string><string></string><string></string><string></string><string></string><string></string><string></string><string></string><string></string><string></string><string></string><string></string><string></string><string></string><string></string><string></string><string></string><string></string><string></string><string></string><string></string><string></string><string></string><string></string><string></string><string></string><string></string><string></string><string></string><string></string><string></string><string></string><string></string><string></string><string></string><string></string><string></string><string></string><string></string><string></string><string></string><string></string><string></string><string></string><string></string><string></string><string></string><string></string><string></string><string></string><string></string><string></string><string></string><string></string><string></string><string></string></field><field name='regex'><string></string><string></string><string></string><string></string><string></string><string></string><string></string><string></string><string></string><string></string><string></string><string></string><string></string><string></string><string></string><string></string><string></string><string></string><string></string><string></string><string></string><string></string><string></string><string></string><string></string><string></string><string></string><string></string><string></string><string></string><string></string><string></string><string></string><string></string><string></string><string></string><string></string><string></string><string></string><string></string><string></string><string></string><string></string><string></string><string></string><string></string><string></string><string></string><string></string><string></string><string></string><string></string><string></string><string></string><string></string><string></string><string></string><string></string><string></string><string></string><string></string><string></string><string></string><string></string><string></string><string></string><string></string><string></string><string></string><string></string><string></string><string></string><string></string><string></string><string></string><string></string><string></string><string></string><string></string><string></string><string></string><string></string><string></string><string></string><string></string><string></string><string></string><string></string><string></string><string></string><string></string><string></string><string></string><string></string><string></string><string></string><string></string><string></string><string></string><string></string><string></string><string></string><string></string><string></string><string></string><string></string></field><field name='message'><string></string><string></string><string></string><string></string><string></string><string></string><string></string><string></string><string></string><string></string><string></string><string></string><string></string><string></string><string></string><string></string><string></string><string></string><string></string><string></string><string></string><string></string><string></string><string></string><string></string><string></string><string></string><string></string><string></string><string></string><string></string><string></string><string></string><string></string><string></string><string></string><string></string><string></string><string></string><string></string><string></string><string></string><string></string><string></string><string></string><string></string><string></string><string></string><string></string><string></string><string></string><string></string><string></string><string></string><string></string><string></string><string></string><string></string><string></string><string></string><string></string><string></string><string></string><string></string><string></string><string></string><string></string><string></string><string></string><string></string><string></string><string></string><string></string><string></string><string></string><string></string><string></string><string></string><string></string><string></string><string></string><string></string><string></string><string></string><string></string><string></string><string></string><string></string><string></string><string></string><string></string><string></string><string></string><string></string><string></string><string></string><string></string><string></string><string></string><string></string><string></string><string></string><string></string><string></string><string></string><string></string></field><field name='defaultValue'><string>None</string><string>span3</string><string>true</string><string>false</string><string>#000</string><string>#222</string><string>#333</string><string>#555</string><string>#999</string><string>#eee</string><string>#fff</string><string>#049cdb</string><string>#0064cd</string><string>#46a546</string><string>#9d261d</string><string>#ffc40d</string><string>#f89406</string><string>#c3325f</string><string>#7a43b6</string><string>@white</string><string>@grayDark</string><string>#08c</string><string>darken(@linkColor, 15%)</string><string>'Helvetica Neue', Helvetica, Arial, sans-serif</string><string>Georgia, 'Times New Roman', Times, serif</string><string>Menlo, Monaco, Consolas, 'Courier New', monospace</string><string>13px</string><string>@sansFontFamily</string><string>18px</string><string>@serifFontFamily</string><string>inherit</string><string>bold</string><string>inherit</string><string>transparent</string><string>#f9f9f9</string><string>#f5f5f5</string><string>#ddd</string><string>@white</string><string>darken(@white, 10%)</string><string>#ccc</string><string>@linkColor</string><string>spin(@btnPrimaryBackground, 15%)</string><string>#5bc0de</string><string>#2f96b4</string><string>#62c462</string><string>#51a351</string><string>lighten(@orange, 15%)</string><string>@orange</string><string>#ee5f5b</string><string>#bd362f</string><string>@gray</string><string>@grayDarker</string><string>@white</string><string>#ccc</string><string>3px</string><string>@grayLighter</string><string>#f5f5f5</string><string>@white</string><string>rgba(0,0,0,.2)</string><string>@grayDark</string><string>@white</string><string>@linkColor</string><string>#e5e5e5</string><string>@white</string><string>../../bootstrap/img/glyphicons-halflings.png</string><string>../../bootstrap/img/glyphicons-halflings-white.png</string><string>false</string><string>@grayLight</string><string>@grayLighter</string><string>40px</string><string>@grayDarker</string><string>@grayDark</string><string>@grayLight</string><string>@grayLight</string><string>@white</string><string>@navbarLinkColorHover</string><string>transparent</string><string>@navbarBackground</string><string>lighten(@navbarBackground, 25%)</string><string>@white</string><string>darken(@navbarSearchBackground, 30%)</string><string>#ccc</string><string>@navbarLinkColor</string><string>@grayLighter</string><string>inherit</string><string>inherit</string><string>#c09853</string><string>#fcf8e3</string><string>darken(spin(@warningBackground, -10), 3%)</string><string>#b94a48</string><string>#f2dede</string><string>darken(spin(@errorBackground, -10), 3%)</string><string>#468847</string><string>#dff0d8</string><string>darken(spin(@warningBackground, -10), 3%)</string><string>#3a87ad</string><string>#d9edf7</string><string>darken(spin(@infoBackground, -10), 3%)</string><string>12</string><string>60px</string><string>20px</string><string>6.382978723%</string><string>2.127659574%</string><string>span3</string><string>true</string><string>false</string></field><field name='optionList'><string>None^Amelia^Cerulean^Cyborg^Journal^Readable^Simplex^Slate^Spacelab^Spruce^Superhero^United</string><string>span1^span2^span3^span4^span5^span6^span7^span8^span9^span10^span11^span12</string><string>true^false</string><string>true^false</string><string></string><string></string><string></string><string></string><string></string><string></string><string></string><string></string><string></string><string></string><string></string><string></string><string></string><string></string><string></string><string></string><string></string><string></string><string></string><string></string><string></string><string></string><string></string><string></string><string></string><string></string><string></string><string></string><string></string><string></string><string></string><string></string><string></string><string></string><string></string><string></string><string></string><string></string><string></string><string></string><string></string><string></string><string></string><string></string><string></string><string></string><string></string><string></string><string></string><string></string><string></string><string></string><string></string><string></string><string></string><string></string><string></string><string></string><string></string><string></string><string></string><string></string><string>false^true</string><string></string><string></string><string></string><string></string><string></string><string></string><string></string><string></string><string></string><string></string><string></string><string></string><string></string><string></string><string></string><string></string><string></string><string></string><string></string><string></string><string></string><string></string><string></string><string></string><string></string><string></string><string></string><string></string><string></string><string></string><string></string><string></string><string></string><string></string><string></string><string></string><string>span1^span2^span3^span4^span5^span6^span7^span8^span9^span10^span11^span12</string><string>true^false</string><string>true^false</string></field><field name='optionLabelList'><string>None^Amelia^Cerulean^Cyborg^Journal^Readable^Simplex^Slate^Spacelab^Spruce^Superhero^United</string><string>1^2^3^4^5^6^7^8^9^10^11^12</string><string>Show^Hide</string><string>Show^Hide</string><string></string><string></string><string></string><string></string><string></string><string></string><string></string><string></string><string></string><string></string><string></string><string></string><string></string><string></string><string></string><string></string><string></string><string></string><string></string><string></string><string></string><string></string><string></string><string></string><string></string><string></string><string></string><string></string><string></string><string></string><string></string><string></string><string></string><string></string><string></string><string></string><string></string><string></string><string></string><string></string><string></string><string></string><string></string><string></string><string></string><string></string><string></string><string></string><string></string><string></string><string></string><string></string><string></string><string></string><string></string><string></string><string></string><string></string><string></string><string></string><string></string><string></string><string>No^Yes</string><string></string><string></string><string></string><string></string><string></string><string></string><string></string><string></string><string></string><string></string><string></string><string></string><string></string><string></string><string></string><string></string><string></string><string></string><string></string><string></string><string></string><string></string><string></string><string></string><string></string><string></string><string></string><string></string><string></string><string></string><string></string><string></string><string></string><string></string><string></string><string></string><string>1^2^3^4^5^6^7^8^9^10^11^12</string><string>Show^Hide</string><string>Show^Hide</string></field></recordset></data></wddxPacket>
