<wddxPacket version='1.0'><header/><data><recordset rowCount='12' fieldNames='fileID,contentID,siteID,moduleID,filename,image,imageSmall,imageMedium,fileSize,contentType,contentSubType,fileExt,created,deleted' type='coldfusion.sql.QueryTable'><field name='fileID'><string>4D781AA6-06CA-4E9D-AE187A9E054AEBA3</string><string>52358D46-A81B-4F43-AFCDDB27B8E61749</string><string>6CF3A18F-FD85-4048-8E30A561D81DE1DD</string><string>8FF64C51-F4DE-43B4-9B34984C87E0E23C</string><string>9AFCE1D6-9EFB-4A05-A448F23D774BFA14</string><string>B5FDBA00-6D98-483B-90A04817454300D7</string><string>C1C88EE9-018D-41F5-903B00B095740B1C</string><string>DB7BF18B-0FA8-46D8-B47F3CECA66390F1</string><string>EA229C33-3994-463E-ACEDAA46930784F3</string><string>EFE54F17-F4EF-47FE-93F80304461A36CD</string><string>FBC0C5BD-0C23-490C-BFE0AB0948D81627</string><string>FC796A0E-752C-42AE-9191B42BC937ECFF</string></field><field name='contentID'><string>69D5B6F9-798C-4EBE-BCADE8A642B07FFD</string><string>2C8C7631-908C-4228-99DFB185981350A1</string><string>11490E39-6507-4DFB-A11B4F8AC8031B7F</string><string>75DE2EDE-C7D9-48EC-B28E79BCA91CB60A</string><string>0895DCD5-4B6B-4A44-93C05CAF55CD0E4B</string><string>AC8DD9FD-3D6A-4E43-94B5AAF993CB8FCE</string><string>648728CF-3075-4450-9AF4EEBCCDC59559</string><string>0346AC3A-0E6E-4A7F-BF4DA84286E0F51C</string><string>4AAEC05B-AF94-4D3B-A39D4E002A4A0869</string><string>6AC8BF2E-2D58-41E8-BFBF29258BA42F7C</string><string>00E35DF1-0A41-46E5-949E3143055299C8</string><string>9D439F0B-A245-449A-9BBD6DBB29162B24</string></field><field name='siteID'><string>default</string><string>default</string><string>default</string><string>default</string><string>default</string><string>default</string><string>default</string><string>default</string><string>default</string><string>default</string><string>default</string><string>default</string></field><field name='moduleID'><string>00000000000000000000000000000000000</string><string>00000000000000000000000000000000000</string><string>00000000000000000000000000000000000</string><string>00000000000000000000000000000000000</string><string>00000000000000000000000000000000000</string><string>00000000000000000000000000000000000</string><string>00000000000000000000000000000000000</string><string>00000000000000000000000000000000000</string><string>00000000000000000000000000000000000</string><string>00000000000000000000000000000000000</string><string>00000000000000000000000000000000000</string><string>00000000000000000000000000000000000</string></field><field name='filename'><string>0A3D5B48-C976-400E-B94BD3A19E500B95_source.jpg</string><string>3BDDF95B-1A76-4D86-B29DF2511D77B5EE_source.jpg</string><string>36391295-7430-4D26-A7815BCBCE6732F5_source.jpg</string><string>8DDF250A-4D6E-42E4-B03CFD5BDD629A8A_source.jpg</string><string>708C6358-8B96-4047-B19891A21FD82F97_source.jpg</string><string>34AB2CFA-9371-4AB5-B8BD0A65476124AB_source.jpg</string><string>36391295-7430-4D26-A7815BCBCE6732F5_source.jpg</string><string>708C6358-8B96-4047-B19891A21FD82F97_source.jpg</string><string>49D02B8A-30E3-4EE4-8B160D83A49F8724_source.jpg</string><string>49D02B8A-30E3-4EE4-8B160D83A49F8724_source.jpg</string><string>4AAF12C9-C3C8-4170-A54DCA13CF2106E9_source.jpg</string><string>8DDF250A-4D6E-42E4-B03CFD5BDD629A8A_source.jpg</string></field><field name='image'><string></string><string></string><string></string><string></string><string></string><string></string><string></string><string></string><string></string><string></string><string></string><string></string></field><field name='imageSmall'><string></string><string></string><string></string><string></string><string></string><string></string><string></string><string></string><string></string><string></string><string></string><string></string></field><field name='imageMedium'><string></string><string></string><string></string><string></string><string></string><string></string><string></string><string></string><string></string><string></string><string></string><string></string></field><field name='fileSize'><number>60549.0</number><number>2709697.0</number><number>142145.0</number><number>196857.0</number><number>272110.0</number><number>33216.0</number><number>142145.0</number><number>272110.0</number><number>142645.0</number><number>142645.0</number><number>245644.0</number><number>196857.0</number></field><field name='contentType'><string>image</string><string>image</string><string>image</string><string>image</string><string>image</string><string>image</string><string>image</string><string>image</string><string>image</string><string>image</string><string>image</string><string>image</string></field><field name='contentSubType'><string>jpeg</string><string>jpeg</string><string>jpeg</string><string>jpeg</string><string>jpeg</string><string>jpeg</string><string>jpeg</string><string>jpeg</string><string>jpeg</string><string>jpeg</string><string>jpeg</string><string>jpeg</string></field><field name='fileExt'><string>jpg</string><string>jpg</string><string>jpg</string><string>jpg</string><string>jpg</string><string>jpg</string><string>jpg</string><string>jpg</string><string>jpg</string><string>jpg</string><string>jpg</string><string>jpg</string></field><field name='created'><dateTime>2012-9-27T22:10:36+0:0</dateTime><dateTime>2012-9-27T22:27:0+0:0</dateTime><dateTime>2012-9-27T22:7:35+0:0</dateTime><dateTime>2012-9-27T20:39:29+0:0</dateTime><dateTime>2012-9-27T20:38:58+0:0</dateTime><dateTime>2012-9-27T20:38:7+0:0</dateTime><dateTime>2012-9-27T20:38:42+0:0</dateTime><dateTime>2012-9-27T22:12:44+0:0</dateTime><dateTime>2012-9-27T22:13:3+0:0</dateTime><dateTime>2012-9-27T20:39:13+0:0</dateTime><dateTime>2012-9-27T20:39:42+0:0</dateTime><dateTime>2012-9-27T22:24:10+0:0</dateTime></field><field name='deleted'><number>0.0</number><number>0.0</number><number>0.0</number><number>0.0</number><number>0.0</number><number>0.0</number><number>0.0</number><number>0.0</number><number>0.0</number><number>0.0</number><number>0.0</number><number>0.0</number></field></recordset></data></wddxPacket>
