<wddxPacket version='1.0'><header/><data><recordset rowCount='1' fieldNames='domain,siteid,theme,galleryMainScaleBy,galleryMediumScaleBy,gallerySmallScaleBy,galleryMainScale,galleryMediumScale,gallerySmallScale,columnCount,columnNames,primaryColumn,baseID' type='coldfusion.sql.QueryTable'><field name='domain'><string>sbiwd20.kattare.com</string></field><field name='siteid'><string>default</string></field><field name='theme'><string>mura-bootstrap</string></field><field name='galleryMainScaleBy'><string>x</string></field><field name='galleryMediumScaleBy'><string>s</string></field><field name='gallerySmallScaleBy'><string>x</string></field><field name='galleryMainScale'><number>1170.0</number></field><field name='galleryMediumScale'><number>300.0</number></field><field name='gallerySmallScale'><number>260.0</number></field><field name='columnCount'><number>3.0</number></field><field name='columnNames'><string>Left Column^Main Content^Right Column</string></field><field name='primaryColumn'><number>2.0</number></field><field name='baseID'><string>E0C57E81-947E-463C-AC8D4A03107DDBCF</string></field></recordset></data></wddxPacket>
