<wddxPacket version='1.0'><header/><data><recordset rowCount='0' fieldNames='categoryID,siteID,parentID,dateCreated,lastUpdate,lastUpdateBy,name,notes,isInterestGroup,isActive,isOpen,sortBy,sortDirection,restrictGroups,path,remoteID,remoteSourceURL,remotePubDate,urltitle,filename' type='coldfusion.sql.QueryTable'><field name='categoryID'></field><field name='siteID'></field><field name='parentID'></field><field name='dateCreated'></field><field name='lastUpdate'></field><field name='lastUpdateBy'></field><field name='name'></field><field name='notes'></field><field name='isInterestGroup'></field><field name='isActive'></field><field name='isOpen'></field><field name='sortBy'></field><field name='sortDirection'></field><field name='restrictGroups'></field><field name='path'></field><field name='remoteID'></field><field name='remoteSourceURL'></field><field name='remotePubDate'></field><field name='urltitle'></field><field name='filename'></field></recordset></data></wddxPacket>
